SEQ,X,Y,Z
0,-0.11,0.11,0.95
1,-0.12,0.12,0.95
2,-0.12,0.12,0.95
3,-0.12,0.12,0.95
4,-0.12,0.12,0.95
5,-0.12,0.12,0.95
6,-0.12,0.12,0.95
7,-0.12,0.12,0.95
8,-0.12,0.12,0.95
9,-0.12,0.12,0.95
10,-0.12,0.12,0.95
11,-0.12,0.12,0.95
12,-0.12,0.12,0.93
13,-0.12,0.12,0.93
14,-0.12,0.12,0.93
15,-0.12,0.12,0.93
16,-0.12,0.12,0.93
17,-0.12,0.12,0.93
18,-0.12,0.12,0.93
19,-0.12,0.12,0.93
20,-0.12,0.12,0.93
21,-0.12,0.12,0.93
22,-0.12,0.12,0.93
23,-0.12,0.12,0.93
24,-0.12,0.12,0.96
25,-0.1,0.12,0.96
26,-0.1,0.12,0.96
27,-0.1,0.12,0.96
28,-0.1,0.12,0.96
29,-0.1,0.12,0.96
30,-0.1,0.12,0.96
31,-0.1,0.12,0.96
32,-0.1,0.12,0.96
33,-0.1,0.12,0.96
34,-0.1,0.12,0.96
35,-0.1,0.12,0.96
36,-0.1,0.12,0.97
37,-0.1,0.13,0.97
38,-0.1,0.13,0.97
39,-0.1,0.13,0.97
40,-0.1,0.13,0.97
41,-0.1,0.13,0.97
42,-0.1,0.13,0.97
43,-0.1,0.13,0.97
44,-0.1,0.13,0.97
45,-0.1,0.13,0.97
46,-0.1,0.13,0.97
47,-0.1,0.13,0.97
48,-0.1,0.13,0.97
49,-0.1,0.12,0.95
50,-0.12,0.12,0.99
51,-0.12,0.12,0.96
52,-0.14,0.12,0.96
53,-0.14,0.12,0.96
54,-0.14,0.12,0.96
55,-0.14,0.12,0.96
56,-0.14,0.12,0.96
57,-0.14,0.12,0.96
58,-0.14,0.12,0.96
59,-0.14,0.12,0.96
60,-0.14,0.12,0.96
61,-0.14,0.12,0.96
62,-0.14,0.12,0.96
63,-0.14,0.13,0.98
64,-0.14,0.13,0.98
65,-0.14,0.13,0.98
66,-0.14,0.13,0.98
67,-0.14,0.13,0.98
68,-0.14,0.13,0.98
69,-0.14,0.13,0.98
70,-0.14,0.13,0.98
71,-0.14,0.13,0.98
72,-0.14,0.13,0.98
73,-0.14,0.13,0.98
74,-0.14,0.13,0.98
75,-0.14,0.11,0.96
76,-0.13,0.11,0.96
77,-0.13,0.11,0.96
78,-0.13,0.11,0.96
79,-0.13,0.11,0.96
80,-0.13,0.11,0.96
81,-0.13,0.11,0.96
82,-0.13,0.11,0.96
83,-0.13,0.11,0.96
84,-0.13,0.11,0.96
85,-0.13,0.11,0.96
86,-0.13,0.11,0.96
87,-0.13,0.11,0.96
88,-0.12,0.11,0.96
89,-0.12,0.11,0.96
90,-0.12,0.11,0.96
91,-0.12,0.11,0.96
92,-0.12,0.11,0.96
93,-0.12,0.11,0.96
94,-0.12,0.11,0.96
95,-0.12,0.11,0.96
96,-0.12,0.11,0.96
97,-0.12,0.11,0.96
98,-0.12,0.11,0.96
99,-0.12,0.11,0.97
100,-0.12,0.11,0.94
101,-0.12,0.11,0.94
102,-0.12,0.11,0.94
103,-0.12,0.11,0.94
104,-0.12,0.11,0.94
105,-0.12,0.12,0.95
106,-0.13,0.12,0.95
107,-0.13,0.12,0.95
108,-0.13,0.12,0.95
109,-0.13,0.12,0.95
110,-0.13,0.12,0.95
111,-0.13,0.12,0.95
112,-0.13,0.12,0.95
113,-0.13,0.12,0.95
114,-0.13,0.12,0.95
115,-0.13,0.12,0.95
116,-0.13,0.12,0.95
117,-0.13,0.12,0.93
118,-0.11,0.12,0.93
119,-0.11,0.12,0.93
120,-0.11,0.12,0.93
121,-0.11,0.12,0.93
122,-0.11,0.12,0.93
123,-0.11,0.12,0.93
124,-0.11,0.12,0.93
125,-0.11,0.12,0.93
126,-0.11,0.12,0.93
127,-0.11,0.12,0.93
128,-0.11,0.12,0.93
129,-0.11,0.12,0.93
130,-0.11,0.12,0.93
131,-0.11,0.12,0.93
132,-0.11,0.12,0.93
133,-0.11,0.12,0.93
134,-0.11,0.12,0.93
135,-0.11,0.12,0.93
136,-0.11,0.12,0.93
137,-0.11,0.12,0.93
138,-0.11,0.12,0.93
139,-0.11,0.12,0.93
140,-0.11,0.12,0.93
141,-0.11,0.12,0.98
142,-0.12,0.11,0.98
143,-0.12,0.11,0.98
144,-0.12,0.11,0.98
145,-0.12,0.11,0.98
146,-0.12,0.11,0.98
147,-0.12,0.11,0.98
148,-0.12,0.11,0.98
149,-0.12,0.11,0.98
150,-0.1,0.14,0.96
151,-0.1,0.14,0.96
152,-0.1,0.14,0.96
153,-0.1,0.14,0.96
154,-0.1,0.14,0.96
155,-0.1,0.14,0.96
156,-0.1,0.14,0.96
157,-0.1,0.14,0.96
158,-0.1,0.14,0.98
159,-0.12,0.13,0.98
160,-0.12,0.13,0.98
161,-0.12,0.13,0.98
162,-0.12,0.13,0.98
163,-0.12,0.13,0.98
164,-0.12,0.13,0.98
165,-0.12,0.13,0.98
166,-0.12,0.13,0.98
167,-0.12,0.13,0.98
168,-0.12,0.13,0.98
169,-0.12,0.13,0.98
170,-0.12,0.13,0.97
171,-0.12,0.13,0.96
172,-0.12,0.13,0.96
173,-0.12,0.13,0.96
174,-0.12,0.13,0.96
175,-0.12,0.13,0.96
176,-0.12,0.13,0.96
177,-0.12,0.13,0.96
178,-0.12,0.13,0.96
179,-0.12,0.13,0.96
180,-0.12,0.13,0.96
181,-0.12,0.13,0.96
182,-0.12,0.13,0.96
183,-0.13,0.13,0.97
184,-0.13,0.13,0.97
185,-0.13,0.13,0.97
186,-0.13,0.13,0.97
187,-0.13,0.13,0.97
188,-0.13,0.13,0.97
189,-0.13,0.13,0.97
190,-0.13,0.13,0.97
191,-0.13,0.13,0.97
192,-0.13,0.13,0.97
193,-0.13,0.13,0.97
194,-0.13,0.13,0.97
195,-0.11,0.13,0.97
196,-0.11,0.13,0.97
197,-0.11,0.13,0.97
198,-0.11,0.13,0.97
199,-0.11,0.13,0.97
200,-0.12,0.13,0.97
201,-0.12,0.13,0.97
202,-0.12,0.13,0.97
203,-0.12,0.13,0.97
204,-0.12,0.13,0.97
205,-0.12,0.13,0.97
206,-0.12,0.13,0.97
207,-0.12,0.13,0.97
208,-0.12,0.13,0.97
209,-0.12,0.13,0.97
210,-0.12,0.13,0.96
211,-0.13,0.13,0.96
212,-0.13,0.13,0.96
213,-0.13,0.13,0.96
214,-0.13,0.13,0.96
215,-0.13,0.13,0.96
216,-0.13,0.13,0.96
217,-0.13,0.13,0.96
218,-0.13,0.13,0.96
219,-0.13,0.13,0.96
220,-0.13,0.13,0.96
221,-0.13,0.13,0.96
222,-0.13,0.14,0.96
223,-0.13,0.14,0.96
224,-0.13,0.14,0.96
225,-0.13,0.14,0.96
226,-0.13,0.14,0.96
227,-0.13,0.14,0.96
228,-0.13,0.14,0.96
229,-0.13,0.14,0.96
230,-0.13,0.14,0.96
231,-0.13,0.14,0.96
232,-0.13,0.14,0.96
233,-0.13,0.14,0.96
234,-0.12,0.13,0.97
235,-0.12,0.13,0.97
236,-0.12,0.13,0.97
237,-0.12,0.13,0.97
238,-0.12,0.13,0.97
239,-0.12,0.13,0.97
240,-0.12,0.13,0.97
241,-0.12,0.13,0.97
242,-0.12,0.13,0.97
243,-0.12,0.13,0.97
244,-0.12,0.13,0.97
245,-0.12,0.13,0.97
246,-0.11,0.13,0.98
247,-0.11,0.13,0.98
248,-0.11,0.13,0.98
249,-0.11,0.13,0.98
250,-0.12,0.17,0.96
251,-0.12,0.17,0.96
252,-0.12,0.17,0.96
253,-0.12,0.17,0.96
254,-0.12,0.17,0.96
255,-0.12,0.17,0.96
256,-0.12,0.17,0.96
257,-0.12,0.17,0.96
258,-0.12,0.17,0.96
259,-0.12,0.17,0.96
260,-0.12,0.17,0.96
261,-0.12,0.19,0.96
262,-0.13,0.19,0.96
263,-0.13,0.19,0.96
264,-0.13,0.19,0.96
265,-0.13,0.19,0.96
266,-0.13,0.19,0.96
267,-0.13,0.19,0.96
268,-0.13,0.19,0.96
269,-0.13,0.19,0.96
270,-0.13,0.19,0.96
271,-0.13,0.19,0.96
272,-0.13,0.19,0.96
273,-0.13,0.21,0.98
274,-0.11,0.21,0.98
275,-0.11,0.21,0.98
276,-0.11,0.21,0.98
277,-0.11,0.21,0.98
278,-0.11,0.21,0.98
279,-0.11,0.21,0.98
280,-0.11,0.21,0.98
281,-0.11,0.21,0.98
282,-0.11,0.21,0.98
283,-0.11,0.21,0.98
284,-0.11,0.21,0.98
285,-0.11,0.21,0.98
286,-0.1,0.2,1
287,-0.1,0.2,1
288,-0.1,0.2,1
289,-0.1,0.2,1
290,-0.1,0.2,1
291,-0.1,0.2,1
292,-0.1,0.2,1
293,-0.1,0.2,1
294,-0.1,0.2,1
295,-0.1,0.2,1
296,-0.1,0.2,1
297,-0.1,0.2,0.99
298,-0.09,0.2,0.99
299,-0.09,0.2,0.99
300,-0.06,0.19,0.68
301,-0.15,0.31,0.68
302,-0.15,0.31,0.68
303,-0.15,0.31,0.68
304,-0.15,0.31,0.68
305,-0.15,0.31,0.68
306,-0.15,0.31,0.68
307,-0.15,0.31,0.68
308,-0.15,0.31,0.68
309,-0.15,0.31,0.68
310,-0.15,0.31,0.68
311,-0.15,0.31,0.68
312,-0.15,-0.16,0.06
313,-0.28,-0.16,0.06
314,-0.28,-0.16,0.06
315,-0.28,-0.16,0.06
316,-0.28,-0.16,0.06
317,-0.28,-0.16,0.06
318,-0.28,-0.16,0.06
319,-0.28,-0.16,0.06
320,-0.28,-0.16,0.06
321,-0.28,-0.16,0.06
322,-0.28,-0.16,0.06
323,-0.28,-0.16,0.06
324,-0.28,0.86,-0.02
325,0.45,0.86,-0.02
326,0.45,0.86,-0.02
327,0.45,0.86,-0.02
328,0.45,0.86,-0.02
329,0.45,0.86,-0.02
330,0.45,0.86,-0.02
331,0.45,0.86,-0.02
332,0.45,0.86,-0.02
333,0.45,0.86,-0.02
334,0.45,0.86,-0.02
335,0.45,0.86,-0.02
336,0.45,0.86,-0.02
337,0.2,-0.39,-0.02
338,0.2,-0.39,-0.02
339,0.2,-0.39,-0.02
340,0.2,-0.39,-0.02
341,0.2,-0.39,-0.02
342,0.2,-0.39,-0.02
343,0.2,-0.39,-0.02
344,0.2,-0.39,-0.02
345,0.2,-0.39,-0.02
346,0.2,-0.39,-0.02
347,0.2,-0.39,-0.02
348,0.2,-0.39,-0.83
349,0.13,-0.7,-0.83
350,-0.49,0.29,0.04
351,-0.49,0.34,0.45
352,-0.36,0.34,0.45
353,-0.36,0.34,0.45
354,-0.36,0.34,0.45
355,-0.36,0.34,0.45
356,-0.36,0.34,0.45
357,-0.36,0.34,0.45
358,-0.36,0.34,0.45
359,-0.36,0.34,0.45
360,-0.36,0.34,0.45
361,-0.36,0.34,0.45
362,-0.36,0.34,0.45
363,-0.36,0.17,0.72
364,-0.15,0.17,0.72
365,-0.15,0.17,0.72
366,-0.15,0.17,0.72
367,-0.15,0.17,0.72
368,-0.15,0.17,0.72
369,-0.15,0.17,0.72
370,-0.15,0.17,0.72
371,-0.15,0.17,0.72
372,-0.15,0.17,0.72
373,-0.15,0.17,0.72
374,-0.15,0.17,0.72
375,0.13,0.05,1.09
376,0.13,0.05,1.09
377,0.13,0.05,1.09
378,0.13,0.05,1.09
379,0.13,0.05,1.09
380,0.13,0.05,1.09
381,0.13,0.05,1.09
382,0.13,0.05,1.09
383,0.13,0.05,1.09
384,0.13,0.05,1.09
385,0.13,0.05,1.09
386,0.13,0.05,1.09
387,0.23,0.03,1.18
388,0.23,0.03,1.18
389,0.23,0.03,1.18
390,0.23,0.03,1.18
391,0.23,0.03,1.18
392,0.23,0.03,1.18
393,0.23,0.03,1.18
394,0.23,0.03,1.18
395,0.23,0.03,1.18
396,0.23,0.03,1.18
397,0.23,0.03,1.18
398,0.23,0.03,1.18
399,0.06,0.37,1.2
400,0.23,-0.49,1.31
401,0.23,-0.49,1.31
402,0.23,-0.49,1.31
403,0.23,-0.49,1.31
404,0.23,-0.49,1.31
405,0.23,-0.49,1.31
406,0.23,-0.27,1.6
407,0.19,-0.27,1.6
408,0.19,-0.27,1.6
409,0.19,-0.27,1.6
410,0.19,-0.27,1.6
411,0.19,-0.27,1.6
412,0.19,-0.27,1.6
413,0.19,-0.27,1.6
414,0.19,-0.27,1.6
415,0.19,-0.27,1.6
416,0.19,-0.27,1.6
417,0.19,-0.27,1.28
418,0.16,-0.21,1.27
419,0.16,-0.21,1.27
420,0.16,-0.21,1.27
421,0.16,-0.21,1.27
422,0.16,-0.21,1.27
423,0.16,-0.21,1.27
424,0.16,-0.21,1.27
425,0.16,-0.21,1.27
426,0.16,-0.21,1.27
427,0.16,-0.21,1.27
428,0.16,-0.21,1.27
429,0.16,-0.21,1.05
430,0.15,-0.38,1.05
431,0.15,-0.38,1.05
432,0.15,-0.38,1.05
433,0.15,-0.38,1.05
434,0.15,-0.38,1.05
435,0.15,-0.38,1.05
436,0.15,-0.38,1.05
437,0.15,-0.38,1.05
438,0.15,-0.38,1.05
439,0.15,-0.38,1.05
440,0.15,-0.38,1.05
441,0.15,-0.38,0.96
442,0.17,-0.45,0.96
443,0.17,-0.45,0.96
444,0.17,-0.45,0.96
445,0.17,-0.45,0.96
446,0.17,-0.45,0.96
447,0.17,-0.45,0.96
448,0.17,-0.45,0.96
449,0.17,-0.45,0.96
450,0.13,-0.53,0.75
451,0.13,-0.53,0.75
452,0.13,-0.53,0.75
453,0.13,-0.38,0.78
454,0.15,-0.38,0.78
455,0.15,-0.38,0.78
456,0.15,-0.38,0.78
457,0.15,-0.38,0.78
458,0.15,-0.38,0.78
459,0.15,-0.38,0.78
460,0.15,-0.38,0.78
461,0.15,-0.38,0.78
462,0.15,-0.38,0.78
463,0.15,-0.38,0.78
464,0.15,-0.38,0.78
465,0.15,-0.32,0.87
466,0.15,-0.32,0.87
467,0.15,-0.32,0.87
468,0.15,-0.32,0.87
469,0.15,-0.32,0.87
470,0.15,-0.32,0.87
471,0.15,-0.32,0.87
472,0.15,-0.32,0.87
473,0.15,-0.32,0.87
474,0.15,-0.32,0.87
475,0.15,-0.32,0.87
476,0.15,-0.32,0.87
477,0.15,-0.41,0.91
478,0.17,-0.41,0.91
479,0.17,-0.41,0.91
480,0.17,-0.41,0.91
481,0.17,-0.41,0.91
482,0.17,-0.41,0.91
483,0.17,-0.41,0.91
484,0.17,-0.41,0.91
485,0.17,-0.41,0.91
486,0.17,-0.41,0.91
487,0.17,-0.41,0.91
488,0.17,-0.41,0.91
489,0.17,-0.46,0.92
490,0.17,-0.46,0.92
491,0.17,-0.46,0.92
492,0.17,-0.46,0.92
493,0.17,-0.46,0.92
494,0.17,-0.46,0.92
495,0.17,-0.46,0.92
496,0.17,-0.46,0.92
497,0.17,-0.46,0.92
498,0.17,-0.46,0.92
499,0.17,-0.46,0.92
500,0.08,-0.41,0.88
501,0.08,-0.41,0.88
502,0.08,-0.41,0.88
503,0.08,-0.41,0.88
504,0.08,-0.39,0.92
505,0.06,-0.4,0.92
506,0.06,-0.4,0.92
507,0.06,-0.4,0.92
508,0.06,-0.4,0.92
509,0.06,-0.4,0.92
510,0.06,-0.4,0.92
511,0.06,-0.4,0.92
512,0.06,-0.4,0.92
513,0.06,-0.4,0.92
514,0.06,-0.4,0.92
515,0.06,-0.4,0.92
516,0.06,-0.4,0.9
517,0.01,-0.42,0.9
518,0.01,-0.42,0.9
519,0.01,-0.42,0.9
520,0.01,-0.42,0.9
521,0.01,-0.42,0.9
522,0.01,-0.42,0.9
523,0.01,-0.42,0.9
524,0.01,-0.42,0.9
525,0.01,-0.42,0.9
526,0.01,-0.42,0.9
527,0.01,-0.42,0.9
528,0.01,-0.42,0.9
529,-0.02,-0.41,0.9
530,-0.02,-0.41,0.9
531,-0.02,-0.41,0.9
532,-0.02,-0.41,0.9
533,-0.02,-0.41,0.9
534,-0.02,-0.41,0.9
535,-0.02,-0.41,0.9
536,-0.02,-0.41,0.9
537,-0.02,-0.41,0.9
538,-0.02,-0.41,0.9
539,-0.02,-0.41,0.9
540,-0.02,-0.41,0.9
541,-0.04,-0.43,0.88
542,-0.04,-0.43,0.88
543,-0.04,-0.43,0.88
544,-0.04,-0.43,0.88
545,-0.04,-0.43,0.88
546,-0.04,-0.43,0.88
547,-0.04,-0.43,0.88
548,-0.04,-0.43,0.88
549,-0.04,-0.43,0.88
550,0.02,-0.4,0.93
551,0.02,-0.4,0.93
552,0.02,-0.4,0.93
553,0.02,-0.4,0.93
554,0.02,-0.4,0.93
555,0.02,-0.4,0.93
556,0.02,-0.4,0.93
557,0.04,-0.35,0.93
558,0.04,-0.35,0.93
559,0.04,-0.35,0.93
560,0.04,-0.35,0.93
561,0.04,-0.35,0.93
562,0.04,-0.35,0.93
563,0.04,-0.35,0.93
564,0.04,-0.35,0.93
565,0.04,-0.35,0.93
566,0.04,-0.35,0.93
567,0.04,-0.35,0.93
568,0.04,-0.33,0.92
569,0.06,-0.33,0.92
570,0.06,-0.33,0.92
571,0.06,-0.33,0.92
572,0.06,-0.33,0.92
573,0.06,-0.33,0.92
574,0.06,-0.33,0.92
575,0.06,-0.33,0.92
576,0.06,-0.33,0.92
577,0.06,-0.33,0.92
578,0.06,-0.33,0.92
579,0.06,-0.33,0.92
580,0.06,-0.33,0.89
581,0.05,-0.34,0.89
582,0.05,-0.34,0.89
583,0.05,-0.34,0.89
584,0.05,-0.34,0.89
585,0.05,-0.34,0.89
586,0.05,-0.34,0.89
587,0.05,-0.34,0.89
588,0.05,-0.34,0.89
589,0.05,-0.34,0.89
590,0.05,-0.34,0.89
591,0.05,-0.34,0.89
592,0.05,-0.34,0.91
593,0.02,-0.35,0.91
594,0.02,-0.35,0.91
595,0.02,-0.35,0.91
596,0.02,-0.35,0.91
597,0.02,-0.35,0.91
598,0.02,-0.35,0.91
599,0.02,-0.35,0.91
600,0.03,-0.35,0.93
601,0.02,-0.34,0.92
602,0.02,-0.34,0.92
603,0.02,-0.34,0.92
604,0.02,-0.34,0.92
605,0.02,-0.34,0.92
606,0.02,-0.34,0.92
607,0.02,-0.34,0.92
608,0.02,-0.34,0.92
609,0.02,-0.34,0.92
610,0.02,-0.34,0.92
611,0.02,-0.34,0.92
612,0.02,-0.34,0.89
613,0.04,-0.34,0.89
614,0.04,-0.34,0.89
615,0.04,-0.34,0.89
616,0.04,-0.34,0.89
617,0.04,-0.34,0.89
618,0.04,-0.34,0.89
619,0.04,-0.34,0.89
620,0.04,-0.34,0.89
621,0.04,-0.34,0.89
622,0.04,-0.34,0.89
623,0.04,-0.34,0.89
624,0.04,-0.34,0.9
625,0.04,-0.36,0.9
626,0.04,-0.36,0.9
627,0.04,-0.36,0.9
628,0.04,-0.36,0.9
629,0.04,-0.36,0.9
630,0.04,-0.36,0.9
631,0.04,-0.36,0.9
632,0.04,-0.36,0.9
633,0.04,-0.36,0.9
634,0.04,-0.36,0.9
635,0.04,-0.36,0.9
636,0.04,-0.36,0.9
637,0.07,-0.34,0.91
638,0.07,-0.34,0.91
639,0.07,-0.34,0.91
640,0.07,-0.34,0.91
641,0.07,-0.34,0.91
642,0.07,-0.34,0.91
643,0.07,-0.34,0.91
644,0.07,-0.34,0.91
645,0.07,-0.34,0.91
646,0.07,-0.34,0.91
647,0.07,-0.34,0.91
648,0.07,-0.34,0.91
649,0.09,-0.33,0.94
650,0.1,-0.25,0.94
651,0.1,-0.25,0.94
652,0.1,-0.25,0.94
653,0.1,-0.25,0.94
654,0.1,-0.25,0.94
655,0.1,-0.25,0.94
656,0.1,-0.25,0.94
657,0.1,-0.25,0.94
658,0.1,-0.25,0.94
659,0.1,-0.25,0.94
660,0.1,-0.26,0.91
661,0.1,-0.26,0.91
662,0.1,-0.26,0.91
663,0.1,-0.26,0.91
664,0.1,-0.26,0.91
665,0.1,-0.26,0.91
666,0.1,-0.26,0.91
667,0.1,-0.26,0.91
668,0.1,-0.26,0.91
669,0.1,-0.26,0.91
670,0.1,-0.26,0.91
671,0.1,-0.26,0.91
672,0.1,-0.25,0.9
673,0.1,-0.25,0.9
674,0.1,-0.25,0.9
675,0.1,-0.25,0.9
676,0.1,-0.25,0.9
677,0.1,-0.25,0.9
678,0.1,-0.25,0.9
679,0.1,-0.25,0.9
680,0.1,-0.25,0.9
681,0.1,-0.25,0.9
682,0.1,-0.25,0.9
683,0.1,-0.25,0.9
684,0.1,-0.27,0.97
685,0.07,-0.27,0.97
686,0.07,-0.27,0.97
687,0.07,-0.27,0.97
688,0.07,-0.27,0.97
689,0.07,-0.27,0.97
690,0.07,-0.27,0.97
691,0.07,-0.27,0.97
692,0.07,-0.27,0.97
693,0.07,-0.27,0.97
694,0.07,-0.27,0.97
695,0.07,-0.27,0.97
696,0.07,-0.27,1.01
697,0.07,-0.29,1.01
698,0.07,-0.29,1.01
699,0.07,-0.29,1.01
700,0.1,-0.23,0.93
701,0.1,-0.23,0.93
702,0.1,-0.23,0.93
703,0.1,-0.23,0.93
704,0.1,-0.23,0.93
705,0.1,-0.23,0.93
706,0.1,-0.23,0.93
707,0.1,-0.23,0.93
708,0.1,-0.23,0.93
709,0.1,-0.23,0.93
710,0.1,-0.23,0.93
711,0.1,-0.23,0.95
712,0.09,-0.21,0.95
713,0.09,-0.21,0.95
714,0.09,-0.21,0.95
715,0.09,-0.21,0.95
716,0.09,-0.21,0.95
717,0.09,-0.21,0.95
718,0.09,-0.21,0.95
719,0.09,-0.21,0.95
720,0.09,-0.21,0.95
721,0.09,-0.21,0.95
722,0.09,-0.21,0.95
723,0.09,-0.21,0.98
724,0.1,-0.23,0.98
725,0.1,-0.23,0.98
726,0.1,-0.23,0.98
727,0.1,-0.23,0.98
728,0.1,-0.23,0.98
729,0.1,-0.23,0.98
730,0.1,-0.23,0.98
731,0.1,-0.23,0.98
732,0.1,-0.23,0.98
733,0.1,-0.23,0.98
734,0.1,-0.23,0.98
735,0.1,-0.23,0.99
736,0.1,-0.23,0.98
737,0.1,-0.23,0.98
738,0.1,-0.23,0.98
739,0.1,-0.23,0.98
740,0.1,-0.23,0.98
741,0.1,-0.23,0.98
742,0.1,-0.23,0.98
743,0.1,-0.23,0.98
744,0.1,-0.23,0.98
745,0.1,-0.23,0.98
746,0.1,-0.23,0.98
747,0.1,-0.23,0.98
748,0.1,-0.21,0.96
749,0.1,-0.21,0.96
750,0.09,-0.23,0.98
751,0.09,-0.23,0.98
752,0.09,-0.23,0.98
753,0.09,-0.23,0.98
754,0.09,-0.21,0.93
755,0.11,-0.22,0.93
756,0.11,-0.22,0.93
757,0.11,-0.22,0.93
758,0.11,-0.22,0.93
759,0.11,-0.22,0.93
760,0.11,-0.22,0.93
761,0.11,-0.22,0.93
762,0.11,-0.22,0.93
763,0.11,-0.22,0.93
764,0.11,-0.22,0.93
765,0.11,-0.22,0.93
766,0.11,-0.22,0.93
767,0.13,-0.21,0.93
768,0.13,-0.21,0.93
769,0.13,-0.21,0.93
770,0.13,-0.21,0.93
771,0.13,-0.21,0.93
772,0.13,-0.21,0.93
773,0.13,-0.21,0.93
774,0.13,-0.21,0.93
775,0.13,-0.21,0.93
776,0.13,-0.21,0.93
777,0.13,-0.21,0.93
778,0.13,-0.21,0.97
779,0.13,-0.22,0.97
780,0.13,-0.22,0.97
781,0.13,-0.22,0.97
782,0.13,-0.22,0.97
783,0.13,-0.22,0.97
784,0.13,-0.22,0.97
785,0.13,-0.22,0.97
786,0.13,-0.22,0.97
787,0.13,-0.22,0.97
788,0.13,-0.22,0.97
789,0.13,-0.22,0.97
790,0.13,-0.22,0.96
791,0.11,-0.23,0.96
792,0.11,-0.23,0.96
793,0.11,-0.23,0.96
794,0.11,-0.23,0.96
795,0.11,-0.23,0.96
796,0.11,-0.23,0.96
797,0.11,-0.23,0.96
798,0.11,-0.23,0.96
799,0.11,-0.23,0.96
800,0.09,-0.23,0.96
801,0.07,-0.23,0.94
802,0.07,-0.23,0.94
803,0.07,-0.23,0.94
804,0.07,-0.23,0.94
805,0.07,-0.23,0.94
806,0.07,-0.23,0.94
807,0.07,-0.23,0.94
808,0.07,-0.23,0.94
809,0.07,-0.23,0.94
810,0.07,-0.23,0.94
811,0.07,-0.23,0.94
812,0.07,-0.23,0.92
813,0.09,-0.22,0.92
814,0.09,-0.22,0.92
815,0.09,-0.22,0.92
816,0.09,-0.22,0.92
817,0.09,-0.22,0.92
818,0.09,-0.22,0.92
819,0.09,-0.22,0.92
820,0.09,-0.22,0.92
821,0.09,-0.22,0.92
822,0.09,-0.22,0.92
823,0.09,-0.22,0.92
824,0.09,-0.22,0.92
825,0.17,-0.2,0.99
826,0.17,-0.2,0.99
827,0.17,-0.2,0.99
828,0.17,-0.2,0.99
829,0.17,-0.2,0.99
830,0.17,-0.2,0.99
831,0.17,-0.2,0.99
832,0.17,-0.2,0.99
833,0.17,-0.2,0.99
834,0.17,-0.2,0.99
835,0.17,-0.2,0.99
836,0.17,-0.2,0.99
837,0.15,-0.21,0.97
838,0.15,-0.21,0.97
839,0.15,-0.21,0.97
840,0.15,-0.21,0.97
841,0.15,-0.21,0.97
842,0.15,-0.21,0.97
843,0.15,-0.21,0.97
844,0.15,-0.21,0.97
845,0.15,-0.21,0.97
846,0.15,-0.21,0.97
847,0.15,-0.21,0.97
848,0.15,-0.21,0.97
849,0.15,-0.21,1.01
850,0.14,-0.19,0.97
851,0.09,-0.19,0.97
852,0.09,-0.19,0.97
853,0.09,-0.19,0.97
854,0.09,-0.19,0.97
855,0.09,-0.19,0.97
856,0.09,-0.19,0.97
857,0.09,-0.19,0.97
858,0.09,-0.19,0.97
859,0.09,-0.19,0.97
860,0.09,-0.19,0.97
861,0.09,-0.19,0.97
862,0.09,-0.19,0.97
863,0.09,-0.19,0.97
864,0.09,-0.19,0.97
865,0.09,-0.19,0.97
866,0.09,-0.19,0.97
867,0.09,-0.19,0.97
868,0.09,-0.19,0.97
869,0.09,-0.19,0.97
870,0.09,-0.17,0.96
871,0.09,-0.17,0.96
872,0.09,-0.17,0.96
873,0.09,-0.17,0.96
874,0.09,-0.17,0.96
875,0.09,-0.17,0.96
876,0.09,-0.17,0.96
877,0.09,-0.17,0.96
878,0.09,-0.17,0.96
879,0.09,-0.17,0.96
880,0.09,-0.17,0.96
881,0.09,-0.17,0.96
882,0.09,-0.17,0.97
883,0.09,-0.17,0.97
884,0.09,-0.17,0.97
885,0.09,-0.17,0.97
886,0.09,-0.17,0.97
887,0.09,-0.17,0.97
888,0.09,-0.17,0.97
889,0.09,-0.17,0.97
890,0.09,-0.17,0.97
891,0.09,-0.17,0.97
892,0.09,-0.17,0.97
893,0.09,-0.17,0.97
894,0.06,-0.18,0.95
895,0.06,-0.18,0.95
896,0.06,-0.18,0.95
897,0.06,-0.18,0.95
898,0.06,-0.18,0.95
899,0.06,-0.18,0.95
900,0.13,-0.19,0.97
901,0.13,-0.19,0.97
902,0.13,-0.19,0.97
903,0.13,-0.19,0.97
904,0.13,-0.19,0.97
905,0.13,-0.19,0.97
906,0.13,-0.19,0.97
907,0.13,-0.18,0.95
908,0.12,-0.18,0.95
909,0.12,-0.18,0.95
910,0.12,-0.18,0.95
911,0.12,-0.18,0.95
912,0.12,-0.18,0.95
913,0.12,-0.18,0.95
914,0.12,-0.18,0.95
915,0.12,-0.18,0.95
916,0.12,-0.18,0.95
917,0.12,-0.18,0.95
918,0.12,-0.18,0.95
919,0.12,-0.18,0.95
920,0.12,-0.18,0.95
921,0.12,-0.18,0.95
922,0.12,-0.18,0.95
923,0.12,-0.18,0.95
924,0.12,-0.18,0.95
925,0.12,-0.18,0.95
926,0.12,-0.18,0.95
927,0.12,-0.18,0.95
928,0.12,-0.18,0.95
929,0.12,-0.18,0.95
930,0.12,-0.18,0.95
931,0.12,-0.17,0.98
932,0.12,-0.18,0.98
933,0.12,-0.18,0.98
934,0.12,-0.18,0.98
935,0.12,-0.18,0.98
936,0.12,-0.18,0.98
937,0.12,-0.18,0.98
938,0.12,-0.18,0.98
939,0.12,-0.18,0.98
940,0.12,-0.18,0.98
941,0.12,-0.18,0.98
942,0.12,-0.18,0.98
943,0.12,-0.18,0.98
944,0.11,-0.19,0.98
945,0.11,-0.19,0.98
946,0.11,-0.19,0.98
947,0.11,-0.19,0.98
948,0.11,-0.19,0.98
949,0.11,-0.19,0.98
950,0.11,-0.17,0.95
951,0.11,-0.17,0.95
952,0.11,-0.17,0.95
953,0.11,-0.17,0.95
954,0.11,-0.17,0.95
955,0.11,-0.17,0.95
956,0.13,-0.18,0.96
957,0.13,-0.18,0.96
958,0.13,-0.18,0.96
959,0.13,-0.18,0.96
960,0.13,-0.18,0.96
961,0.13,-0.18,0.96
962,0.13,-0.18,0.96
963,0.13,-0.18,0.96
964,0.13,-0.18,0.96
965,0.13,-0.18,0.96
966,0.13,-0.18,0.96
967,0.13,-0.18,0.96
968,0.12,-0.19,1.02
969,0.12,-0.19,1.02
970,0.12,-0.19,1.02
971,0.12,-0.19,1.02
972,0.12,-0.19,1.02
973,0.12,-0.19,1.02
974,0.12,-0.19,1.02
975,0.12,-0.19,1.02
976,0.12,-0.19,1.02
977,0.12,-0.19,1.02
978,0.12,-0.19,1.02
979,0.12,-0.19,1.02
980,0.12,-0.19,0.94
981,0.12,-0.19,0.94
982,0.12,-0.19,0.94
983,0.12,-0.19,0.94
984,0.12,-0.19,0.94
985,0.12,-0.19,0.94
986,0.12,-0.19,0.94
987,0.12,-0.19,0.94
988,0.12,-0.19,0.94
989,0.12,-0.19,0.94
990,0.12,-0.19,0.94
991,0.12,-0.19,0.94
992,0.12,-0.19,0.98
993,0.12,-0.19,0.98
994,0.12,-0.19,0.98
995,0.12,-0.19,0.98
996,0.12,-0.19,0.98
997,0.12,-0.19,0.98
998,0.12,-0.19,0.98
999,0.12,-0.19,0.98
