time,IR,RED
0,232113,217148
0.02,232098,217113
0.04,232185,217115
0.06,232221,217176
0.08,232264,217163
0.1,232142,217100
0.12,231967,217129
0.14,231750,217054
0.16,231440,216911
0.18,231262,216887
0.2,231049,216798
0.22,230883,216691
0.24,230678,216688
0.26,230543,216706
0.28,230409,216550
0.3,230266,216551
0.32,230181,216593
0.34,230154,216528
0.36,230172,216620
0.38,230176,216554
0.4,230166,216644
0.42,230142,216569
0.44,230159,216667
0.46,230147,216575
0.48,230116,216681
0.5,230153,216580
0.52,230184,216748
0.54,230238,216583
0.56,230223,216733
0.58,230212,216619
0.6,230280,216704
0.62,230368,216598
0.64,230384,216727
0.66,230410,216769
0.68,230475,216705
0.7,230499,216852
0.72,230558,216758
0.74,230687,216781
0.76,230641,216941
0.78,230686,216772
0.8,230740,216864
0.82,230767,217015
0.84,230845,216866
0.86,230981,216905
0.88,230917,217078
0.9,230996,216921
0.92,231033,216950
0.94,231075,217132
0.96,231146,217018
0.98,231293,217009
1,231169,217194
1.02,231300,217070
1.04,231459,217077
1.06,231344,217244
1.08,231393,217160
1.1,231373,217088
1.12,230977,217190
1.14,230756,216949
1.16,230562,216847
1.18,230243,216906
1.2,230035,216692
1.22,229903,216617
1.24,229625,216723
1.26,229493,216567
1.28,229460,216470
1.3,229189,216619
1.32,229190,216411
1.34,229139,216489
1.36,229163,216434
1.38,229126,216505
1.4,229217,216468
1.42,229177,216513
1.44,229188,216468
1.46,229153,216533
1.48,229200,216480
1.5,229224,216552
1.52,229241,216519
1.54,229253,216566
1.56,229268,216669
1.58,229437,216511
1.6,229378,216754
1.62,229425,216605
1.64,229428,216694
1.66,229538,216626
1.68,229547,216695
1.7,229652,216838
1.72,229661,216692
1.74,229739,216800
1.76,229719,216743
1.78,229819,216796
1.8,229880,216865
1.82,229898,216837
1.84,230025,216892
1.86,230058,216946
1.88,230047,216887
1.9,230173,216948
1.92,230233,217017
1.94,230230,216952
1.96,230355,217002
1.98,230413,217077
2,230433,217001
2.02,230510,217054
2.04,230596,217120
2.06,230582,217085
2.08,230674,217059
2.1,230640,217133
2.12,230496,217069
2.14,230183,216941
2.16,229955,216934
2.18,229725,216828
2.2,229380,216694
2.22,229262,216707
2.24,229105,216622
2.26,228848,216545
2.28,228758,216554
2.3,228644,216483
2.32,228569,216418
2.34,228467,216493
2.36,228536,216463
2.38,228572,216516
2.4,228617,216468
2.42,228629,216537
2.44,228636,216459
2.46,228627,216564
2.48,228645,216487
2.5,228615,216578
2.52,228722,216477
2.54,228721,216618
2.56,228764,216610
2.58,228772,216603
2.6,228866,216811
2.62,228945,216599
2.64,228990,216784
2.66,229067,216666
2.68,229088,216738
2.7,229160,216799
2.72,229233,216710
2.74,229253,216859
2.76,229285,216805
2.78,229465,216836
2.8,229397,216960
2.82,229485,216878
2.84,229665,216839
2.86,229635,217059
2.88,229719,216887
2.9,229880,216946
2.92,229786,217124
2.94,229907,217029
2.96,230051,217007
2.98,230013,217172
3,230095,217039
3.02,230263,217067
3.04,230205,217247
3.06,230279,217125
3.08,230394,217164
3.1,230372,217255
3.12,230188,217136
3.14,230011,217129
3.16,229743,217057
3.18,229381,216915
3.2,229237,216876
3.22,228961,216835
3.24,228834,216699
3.26,228731,216675
3.28,228556,216716
3.3,228347,216580
3.32,228347,216550
3.34,228318,216612
3.36,228344,216506
3.38,228358,216637
3.4,228404,216563
3.42,228406,216665
3.44,228436,216569
3.46,228407,216673
3.48,228433,216570
3.5,228461,216669
3.52,228471,216613
3.54,228562,216683
3.56,228596,216624
3.58,228662,216719
3.6,228655,216778
3.62,228862,216667
3.64,228801,216893
3.66,228860,216741
3.68,228940,216841
3.7,228981,216813
3.72,229177,216831
3.74,229095,217004
3.76,229190,216891
3.78,229179,216899
3.8,229288,216956
3.82,229338,216910
3.84,229405,216965
3.86,229464,217014
3.88,229565,216948
3.9,229590,217030
3.92,229660,217113
3.94,229737,217003
3.96,229757,217086
3.98,229884,217192
4,229979,217092
4.02,229964,217173
4.04,230086,217299
4.06,230081,217138
4.08,229972,217189
4.1,229715,217271
4.12,229480,217062
4.14,229328,216936
4.16,228941,217012
4.18,228755,216823
4.2,228584,216732
4.22,228414,216855
4.24,228307,216640
4.26,228291,216606
4.28,228070,216738
4.3,228087,216591
4.32,228090,216632
4.34,228166,216625
4.36,228208,216673
4.38,228232,216599
4.4,228238,216668
4.42,228275,216652
4.44,228259,216695
4.46,228253,216639
4.48,228317,216721
4.5,228341,216687
4.52,228367,216743
4.54,228418,216854
4.56,228588,216682
4.58,228570,216915
4.6,228569,216803
4.62,228698,216876
4.64,228707,216847
4.66,228899,216862
4.68,228843,217043
4.7,228940,216898
4.72,228916,216925
4.74,229007,217052
4.76,229106,216913
4.78,229067,216981
4.8,229203,217126
4.82,229297,216952
4.84,229269,217048
4.86,229393,217157
4.88,229465,217004
4.9,229506,217100
4.92,229607,217281
4.94,229653,217160
4.96,229854,217172
4.98,229793,217334
5,229859,217222
5.02,229903,217224
5.04,229896,217375
5.06,229731,217166
5.08,229577,217123
5.1,229128,217193
5.12,228879,216970
5.14,228750,216860
5.16,228399,216946
5.18,228265,216774
5.2,228232,216671
5.22,227915,216783
5.24,227818,216623
5.26,227810,216555
5.28,227691,216660
5.3,227799,216483
5.32,227751,216705
5.34,227854,216494
5.36,227793,216723
5.38,227862,216535
5.4,227840,216711
5.42,227890,216560
5.44,227857,216729
5.46,227927,216617
5.48,227921,216718
5.5,227974,216653
5.52,228046,216718
5.54,228082,216672
5.56,228130,216750
5.58,228123,216844
5.6,228363,216706
5.62,228328,216930
5.64,228410,216785
5.66,228448,216861
5.68,228520,216902
5.7,228564,216872
5.72,228664,216960
5.74,228643,216942
5.76,228800,216996
5.78,228775,217046
5.8,228921,217045
5.82,229044,217006
5.84,228999,217155
5.86,229127,217094
5.88,229291,217052
5.9,229261,217218
5.92,229313,217138
5.94,229492,217101
5.96,229480,217291
5.98,229587,217103
6,229586,217218
6.02,229632,217326
6.04,229566,217154
6.06,229338,217158
6.08,229155,217117
6.1,228874,216943
6.12,228713,216955
6.14,228518,216904
6.16,228370,216778
6.18,228285,216805
6.2,228115,216749
6.22,228064,216679
6.24,228008,216721
6.26,227984,216583
6.28,228021,216671
6.3,228076,216572
6.32,228118,216705
6.34,228136,216579
6.36,228159,216717
6.38,228148,216584
6.4,228188,216711
6.42,228226,216590
6.44,228216,216710
6.46,228237,216755
6.48,228464,216712
6.5,228387,216876
6.52,228435,216727
6.54,228466,216812
6.56,228540,216790
6.58,228629,216825
6.6,228636,216810
6.62,228869,216787
6.64,228826,216996
6.66,228913,216859
6.68,228934,216886
6.7,229007,216964
6.72,229018,216956
6.74,229122,216968
6.76,229210,216991
6.78,229226,216951
6.8,229338,217040
6.82,229437,217051
6.84,229482,217007
6.86,229526,217105
6.88,229605,217112
6.9,229617,217068
6.92,229737,217168
6.94,229815,217194
6.96,229899,217144
6.98,229905,217204
7,229986,217335
7.02,230006,217133
7.04,229828,217200
7.06,229659,217239
7.08,229492,217041
7.1,229248,217013
7.12,229156,217098
7.14,229046,216890
7.16,229033,216864
7.18,228808,216984
7.2,228733,216834
7.22,228781,216745
7.24,228627,216910
7.26,228734,216654
7.28,228691,216906
7.3,228833,216627
7.32,228768,216945
7.34,228869,216684
7.36,228776,216968
7.38,228896,216666
7.4,228806,216939
7.42,228943,216700
7.44,228877,216915
7.46,228910,216765
7.48,228913,216884
7.5,229023,216828
7.52,229046,216886
7.54,229099,216832
7.56,229112,216885
7.58,229216,216989
7.6,229224,216883
7.62,229322,216958
7.64,229356,216919
7.66,229418,216944
7.68,229489,217109
7.7,229542,216897
7.72,229592,216993
7.74,229655,217184
7.76,229731,216995
7.78,229752,217067
7.8,229839,217234
7.82,229933,217030
7.84,229891,217132
7.86,229998,217301
7.88,230078,217137
7.9,230243,217188
7.92,230209,217346
7.94,230295,217132
7.96,230239,217260
7.98,230356,217383
8,230332,217203
8.02,230099,217225
8.04,229983,217297
8.06,229812,217064
8.08,229599,217040
8.1,229515,217098
8.12,229358,216896
8.14,229274,216934
8.16,229207,216928
8.18,229058,216806
8.2,229023,216864
8.22,229002,216797
8.24,229031,216809
8.26,229067,216791
8.28,229087,216837
8.3,229114,216846
8.32,229099,216843
8.34,229114,216819
8.36,229106,216821
8.38,229122,216848
8.4,229089,216831
8.42,229215,216980
8.44,229262,216792
8.46,229258,216946
8.48,229294,216846
8.5,229303,216915
8.52,229396,216844
8.54,229421,216898
8.56,229485,216998
8.58,229565,216897
8.6,229553,217069
8.62,229601,216857
8.64,229653,216950
8.66,229683,217104
8.68,229763,216903
8.7,229754,216984
8.72,229827,217164
8.74,229910,216959
8.76,229901,217061
8.78,229981,217215
8.8,230058,217057
8.82,230209,217103
8.84,230112,217290
8.86,230199,217171
8.88,230357,217162
8.9,230251,217328
8.92,230365,217235
8.94,230475,217200
8.96,230277,217344
8.98,230110,217167
9,230023,217074
9.02,229716,217153
9.04,229583,216931
9.06,229521,216898
9.08,229310,216988
9.1,229199,216858
9.12,229206,216765
9.14,228950,216896
9.16,228923,216748
9.18,228902,216718
9.2,228894,216748
9.22,228931,216708
9.24,228938,216759
9.26,228946,216719
9.28,228938,216762
9.3,228904,216709
9.32,228907,216724
9.34,228943,216710
9.36,228901,216755
9.38,229083,216634
9.4,229004,216848
9.42,229006,216687
9.44,229046,216752
9.46,229145,216671
9.48,229150,216776
9.5,229186,216775
9.52,229318,216779
9.54,229253,216930
9.56,229307,216781
9.58,229292,216792
9.6,229373,216954
9.62,229451,216781
9.64,229432,216860
9.66,229506,217017
9.68,229566,216836
9.7,229746,216884
9.72,229643,217069
9.74,229714,216916
9.76,229870,216956
9.78,229769,217118
9.8,229834,216996
9.82,229948,216980
9.84,229938,217128
9.86,229954,217013
9.88,230081,217064
9.9,230042,217173
9.92,229987,217060
9.94,229952,216995
9.96,229598,217086
9.98,229437,216878
10,229318,216855
10.02,229108,216877
10.04,228896,216716
10.06,228830,216692
10.08,228689,216698
10.1,228550,216579
10.12,228523,216549
10.14,228377,216627
10.16,228424,216441
10.18,228392,216623
10.2,228496,216396
10.22,228414,216620
10.24,228474,216439
10.26,228395,216625
10.28,228423,216448
10.3,228375,216619
10.32,228382,216469
10.34,228354,216553
10.36,228477,216459
10.38,228475,216572
10.4,228504,216551
10.42,228535,216573
10.44,228578,216663
10.46,228711,216517
10.48,228654,216731
10.5,228758,216569
10.52,228757,216655
10.54,228833,216746
10.56,228845,216654
10.58,228855,216779
10.6,228902,216745
10.62,229034,216744
10.64,229045,216851
10.66,229106,216789
10.68,229244,216771
10.7,229173,216956
10.72,229275,216872
10.74,229422,216830
10.76,229371,216998
10.78,229415,216948
10.8,229530,216952
10.82,229565,217043
10.84,229546,216997
10.86,229684,217037
10.88,229733,217083
10.9,229709,217018
10.92,229732,217062
10.94,229615,217073
10.96,229433,216945
10.98,229174,216833
11,229040,216844
11.02,228911,216753
11.04,228717,216662
11.06,228604,216682
11.08,228515,216608
11.1,228343,216557
11.12,228311,216583
11.14,228283,216496
11.16,228337,216430
11.18,228320,216653
11.2,228439,216455
11.22,228382,216726
11.24,228453,216477
11.26,228390,216690
11.28,228467,216514
11.3,228419,216718
11.32,228513,216540
11.34,228459,216728
11.36,228454,216610
11.38,228547,216675
11.4,228619,216607
11.42,228648,216712
11.44,228666,216713
11.46,228697,216688
11.48,228805,216863
11.5,228825,216703
11.52,228919,216802
11.54,228939,216776
11.56,229006,216788
11.58,229032,216957
11.6,229101,216767
11.62,229095,216829
11.64,229180,216993
11.66,229275,216843
11.68,229293,216912
11.7,229349,217062
11.72,229432,216961
11.74,229623,216973
11.76,229513,217150
11.78,229595,217003
11.8,229749,217000
11.82,229670,217201
11.84,229793,217101
11.86,229953,217082
11.88,229855,217253
11.9,229973,217174
11.92,230060,217161
11.94,229967,217285
11.96,229745,217160
11.98,229616,217105
12,229414,217074
12.02,229152,216912
12.04,229085,216916
12.06,228926,216926
12.08,228750,216766
12.1,228696,216759
12.12,228553,216761
12.14,228377,216638
12.16,228397,216559
12.18,228373,216824
12.2,228446,216605
12.22,228465,216828
12.24,228513,216609
12.26,228474,216868
12.28,228534,216628
12.3,228552,216880
12.32,228591,216630
12.34,228624,216833
12.36,228643,216695
12.38,228653,216825
12.4,228737,216775
12.42,228775,216804
12.44,228806,216763
12.46,228816,216813
12.48,228912,216966
12.5,229011,216817
12.52,228963,216958
12.54,229061,216867
12.56,229215,216884
12.58,229131,217048
12.6,229205,216870
12.62,229242,216923
12.64,229304,217111
12.66,229377,216953
12.68,229383,217006
12.7,229463,217154
12.72,229549,216981
12.74,229718,217028
12.76,229613,217229
12.78,229699,217137
12.8,229885,217107
12.82,229813,217282
12.84,229908,217183
12.86,229956,217190
12.88,230006,217377
12.9,230085,217201
12.92,230188,217246
12.94,229955,217393
12.96,229811,217193
12.98,229613,217116
13,229402,217203
13.02,229219,217005
13.04,229177,216932
13.06,228895,217048
13.08,228805,216859
13.1,228771,216767
13.12,228573,216896
13.14,228545,216773
13.16,228542,216780
13.18,228589,216830
13.2,228629,216798
13.22,228636,216910
13.24,228663,216811
13.26,228688,216846
13.28,228676,216831
13.3,228679,216924
13.32,228695,216843
13.34,228752,216930
13.36,228845,216803
13.38,228828,216995
13.4,228871,216882
13.42,228863,216946
13.44,229004,216908
13.46,229023,216972
13.48,229031,217000
13.5,229191,216983
13.52,229171,217138
13.54,229253,216971
13.56,229233,217047
13.58,229334,217191
13.6,229328,217026
13.62,229448,217126
13.64,229500,217159
13.66,229562,217091
13.68,229627,217191
13.7,229709,217198
13.72,229722,217183
13.74,229802,217263
13.76,229868,217330
13.78,229941,217233
13.8,229967,217317
13.82,230030,217406
13.84,230125,217296
13.86,230127,217381
13.88,230227,217461
13.9,230303,217342
13.92,230359,217447
13.94,230405,217599
13.96,230375,217425
13.98,230368,217437
14,230016,217539
14.02,229801,217304
14.04,229501,217216
14.06,229346,217288
14.08,229205,217061
14.1,229146,217041
14.12,228851,217140
14.14,228744,217010
14.16,228742,216914
14.18,228499,217054
14.2,228474,216899
14.22,228493,216932
14.24,228557,216910
14.26,228551,216955
14.28,228563,216932
14.3,228559,216967
14.32,228553,216937
14.34,228580,216970
14.36,228538,216934
14.38,228625,216977
14.4,228685,216871
14.42,228680,217002
14.44,228673,217034
14.46,228880,216981
14.48,228810,217163
14.5,228870,216992
14.52,228870,217113
14.54,228970,217021
14.56,228988,217088
14.58,229080,217182
14.6,229100,217094
14.62,229163,217208
14.64,229185,217213
14.66,229297,217238
14.68,229349,217328
14.7,229299,217239
14.72,229428,217266
14.74,229482,217334
14.76,229514,217336
14.78,229615,217311
14.8,229700,217407
14.82,229657,217401
14.84,229790,217408
14.86,229859,217487
14.88,229932,217472
14.9,229918,217451
14.92,230035,217537
14.94,230104,217541
14.96,230146,217502
14.98,230208,217594
15,230293,217623
15.02,230318,217588
15.04,230338,217663
15.06,230299,217658
15.08,230140,217572
15.1,229817,217528
15.12,229603,217508
15.14,229389,217308
15.16,229102,217283
15.18,228984,217311
15.2,228824,217120
15.22,228609,217123
15.24,228476,217157
15.26,228381,216963
15.28,228277,217036
15.3,228272,216835
15.32,228280,217039
15.34,228331,216918
15.36,228317,217058
15.38,228338,216899
15.4,228318,217066
15.42,228336,216940
15.44,228332,217043
15.46,228337,216975
15.48,228355,217059
15.5,228361,217101
15.52,228442,217062
15.54,228486,217240
15.56,228541,217076
15.58,228543,217206
15.6,228636,217178
15.62,228653,217203
15.64,228651,217228
15.66,228790,217192
15.68,228756,217335
15.7,228854,217288
15.72,228976,217275
15.74,228944,217419
15.76,229025,217347
15.78,229160,217323
15.8,229132,217518
15.82,229217,217370
15.84,229374,217408
15.86,229283,217580
15.88,229401,217521
15.9,229529,217489
15.92,229537,217627
15.94,229586,217501
15.96,229730,217540
15.98,229630,217700
16,229754,217632
16.02,229895,217584
16.04,229897,217761
16.06,229923,217654
16.08,230081,217707
16.1,230096,217782
16.12,230083,217755
16.14,230163,217746
16.16,229981,217830
16.18,229690,217656
16.2,229476,217590
16.22,229178,217546
16.24,228915,217396
16.26,228779,217328
16.28,228592,217324
16.3,228340,217203
16.32,228265,217177
16.34,228085,217198
16.36,227961,217068
16.38,227926,217031
16.4,227920,217127
16.42,227955,217024
16.44,227955,217142
16.46,227972,217069
16.48,227963,217235
16.5,227963,217011
16.52,227964,217206
16.54,228044,216987
16.56,228074,217217
16.58,228152,217066
16.6,228114,217231
16.62,228125,217093
16.64,228232,217181
16.66,228286,217127
16.68,228321,217210
16.7,228286,217240
16.72,228466,217206
16.74,228430,217369
16.76,228540,217224
16.78,228565,217314
16.8,228597,217354
16.82,228715,217334
16.84,228704,217449
16.86,228784,217396
16.88,228970,217397
16.9,228837,217551
16.92,228997,217495
16.94,229144,217447
16.96,229088,217620
16.98,229131,217529
17,229283,217576
17.02,229316,217644
17.04,229310,217557
17.06,229453,217630
17.08,229432,217693
17.1,229522,217610
17.12,229623,217669
17.14,229674,217790
17.16,229676,217688
17.18,229791,217727
17.2,229870,217808
17.22,229806,217740
17.24,229725,217702
17.26,229516,217698
17.28,229222,217574
17.3,228943,217470
17.32,228710,217443
17.34,228494,217332
17.36,228252,217188
17.38,228126,217218
17.4,227985,217159
17.42,227807,217036
17.44,227690,217084
17.46,227636,217084
17.48,227636,217044
17.5,227668,217118
17.52,227686,217059
17.54,227703,217076
17.56,227692,217085
17.58,227699,217118
17.6,227702,217082
17.62,227711,217121
17.64,227707,217084
17.66,227808,217258
17.68,227873,217086
17.7,227866,217249
17.72,227898,217148
17.74,227996,217233
17.76,228052,217176
17.78,228083,217272
17.8,228102,217238
17.82,228272,217275
17.84,228208,217410
17.86,228320,217261
17.88,228308,217324
17.9,228405,217471
17.92,228513,217291
17.94,228540,217380
17.96,228587,217557
17.98,228657,217464
18,228753,217446
18.02,228804,217609
18.04,228870,217452
18.06,228987,217514
18.08,228976,217649
18.1,229067,217496
18.12,229105,217579
18.14,229177,217662
18.16,229278,217550
18.18,229312,217664
18.2,229401,217657
18.22,229399,217651
18.24,229521,217742
18.26,229531,217778
18.28,229431,217681
18.3,229306,217714
18.32,228984,217584
18.34,228703,217478
18.36,228381,217456
18.38,228190,217336
18.4,228051,217257
18.42,227774,217291
18.44,227646,217193
18.46,227569,217063
18.48,227361,217147
18.5,227283,217004
18.52,227299,217057
18.54,227330,217000
18.56,227358,217090
18.58,227383,217040
18.6,227386,217086
18.62,227367,217052
18.64,227389,217094
18.66,227404,217068
18.68,227389,217137
18.7,227499,217102
18.72,227506,217143
18.74,227563,217127
18.76,227608,217171
18.78,227678,217276
18.8,227821,217108
18.82,227785,217336
18.84,227812,217172
18.86,227914,217283
18.88,227908,217296
18.9,228081,217276
18.92,228053,217419
18.94,228174,217360
18.96,228188,217341
18.98,228264,217412
19,228345,217352
19.02,228393,217412
19.04,228473,217497
19.06,228473,217434
19.08,228612,217503
19.1,228684,217516
19.12,228772,217479
19.14,228834,217622
19.16,228833,217584
19.18,228958,217570
19.2,229047,217687
19.22,229044,217645
19.24,229233,217634
19.26,229220,217777
19.28,229166,217692
19.3,229057,217672
19.32,228775,217664
19.34,228374,217461
19.36,228124,217382
19.38,227856,217333
19.4,227632,217166
19.42,227438,217058
19.44,227260,217090
19.46,227014,216989
19.48,226939,216938
19.5,226844,216953
19.52,226856,216894
19.54,226881,216963
19.56,226929,216919
19.58,226952,217004
19.6,226938,216944
19.62,226942,217002
19.64,226911,216975
19.66,226936,217026
19.68,226960,216975
19.7,226972,217036
19.72,227088,216978
19.74,227109,217069
19.76,227158,217051
19.78,227150,217056
19.8,227291,217221
19.82,227389,217011
19.84,227375,217225
19.86,227417,217090
19.88,227511,217190
19.9,227523,217186
19.92,227715,217188
19.94,227675,217336
19.96,227740,217252
19.98,227953,217227
20,227862,217418
20.02,227953,217311
20.04,228006,217301
20.06,228086,217477
20.08,228162,217378
20.1,228171,217372
20.12,228267,217515
20.14,228363,217339
20.16,228417,217444
20.18,228505,217472
20.2,228536,217413
20.22,228629,217537
20.24,228693,217528
20.26,228603,217474
20.28,228499,217530
20.3,228121,217402
20.32,227817,217277
20.34,227433,217283
20.36,227202,217120
20.38,226988,217011
20.4,226685,217006
20.42,226504,216863
20.44,226405,216756
20.46,226165,216862
20.48,226055,216678
20.5,226019,216734
20.52,226059,216674
20.54,226109,216782
20.56,226167,216717
20.58,226132,216814
20.6,226175,216726
20.62,226145,216812
20.64,226180,216721
20.66,226194,216834
20.68,226205,216723
20.7,226269,216805
20.72,226343,216748
20.74,226374,216841
20.76,226413,216869
20.78,226446,216849
20.8,226591,216990
20.82,226672,216878
20.84,226676,216983
20.86,226797,216857
20.88,226815,216961
20.9,226879,216996
20.92,226928,216956
20.94,227032,217082
20.96,227034,217042
20.98,227179,217080
21,227221,217135
21.02,227249,217087
21.04,227421,217148
21.06,227458,217225
21.08,227442,217159
21.1,227555,217219
21.12,227636,217269
21.14,227677,217229
21.16,227793,217215
21.18,227849,217324
21.2,227865,217292
21.22,227979,217360
21.24,228075,217400
21.26,228095,217379
21.28,228173,217352
21.3,228144,217431
21.32,227983,217355
21.34,227640,217222
21.36,227293,217185
21.38,226922,217019
21.4,226576,216880
21.42,226313,216847
21.44,226084,216760
21.46,225804,216618
21.48,225651,216627
21.5,225481,216551
21.52,225360,216423
21.54,225246,216498
21.56,225299,216466
21.58,225350,216516
21.6,225439,216450
21.62,225425,216555
21.64,225471,216488
21.66,225470,216561
21.68,225503,216541
21.7,225477,216589
21.72,225573,216470
21.74,225628,216606
21.76,225659,216632
21.78,225676,216606
21.8,225824,216791
21.82,225911,216659
21.84,225940,216761
21.86,226035,216662
21.88,226072,216748
21.9,226173,216803
21.92,226227,216728
21.94,226314,216846
21.96,226319,216790
21.98,226443,216890
22,226464,216947
22.02,226577,216915
22.04,226755,216895
22.06,226660,217082
22.08,226759,216956
22.1,226905,217015
22.12,226974,217090
22.14,226985,217062
22.16,227146,217110
22.18,227204,217160
22.2,227205,217104
22.22,227330,217187
22.24,227422,217257
22.26,227424,217180
22.28,227557,217250
22.3,227632,217304
22.32,227665,217234
22.34,227769,217338
22.36,227744,217369
22.38,227757,217306
22.4,227622,217251
22.42,227240,217283
22.44,226794,217004
22.46,226510,216949
22.48,226197,216867
22.5,225851,216690
22.52,225690,216644
22.54,225524,216617
22.56,225253,216486
22.58,225147,216467
22.6,225043,216463
22.62,225000,216301
22.64,225031,216407
22.66,225109,216311
22.68,225120,216437
22.7,225156,216374
22.72,225156,216462
22.74,225180,216345
22.76,225164,216479
22.78,225211,216443
22.8,225255,216489
22.82,225245,216553
22.84,225478,216482
22.86,225423,216674
22.88,225496,216536
22.9,225526,216652
22.92,225654,216598
22.94,225708,216660
22.96,225774,216686
22.98,225885,216665
23,225863,216776
23.02,226012,216681
23.04,226060,216742
23.06,226108,216918
23.08,226202,216799
23.1,226390,216806
23.12,226299,216995
23.14,226417,216930
23.16,226618,216883
23.18,226531,217048
23.2,226656,216966
23.22,226812,216977
23.24,226805,217119
23.26,226838,217053
23.28,226997,217099
23.3,227050,217168
23.32,227038,217126
23.34,227217,217175
23.36,227279,217230
23.38,227306,217238
23.4,227468,217239
23.42,227486,217295
23.44,227347,217209
23.46,227170,217152
23.48,226863,217152
23.5,226456,216951
23.52,226146,216835
23.54,225855,216780
23.56,225548,216629
23.58,225367,216541
23.6,225182,216534
23.62,224973,216433
23.64,224771,216313
23.66,224701,216367
23.68,224701,216341
23.7,224762,216387
23.72,224818,216393
23.74,224848,216433
23.76,224900,216369
23.78,224875,216440
23.8,224955,216404
23.82,224917,216452
23.84,225038,216457
23.86,225056,216481
23.88,225122,216442
23.9,225185,216497
23.92,225222,216622
23.94,225456,216484
23.96,225426,216722
23.98,225450,216597
24,225565,216672
24.02,225615,216655
24.04,225713,216668
24.06,225765,216839
24.08,225852,216706
24.1,225884,216757
24.12,225979,216792
24.14,226028,216744
24.16,226116,216868
24.18,226190,216845
24.2,226240,216812
24.22,226373,216924
24.24,226473,216913
24.26,226478,216929
24.28,226600,217003
24.3,226717,217014
24.32,226737,216971
24.34,226859,217097
24.36,226973,217086
24.38,226987,217079
24.4,227096,217172
24.42,227131,217167
24.44,227013,217100
24.46,226740,217098
24.48,226381,216983
24.5,225975,216839
24.52,225678,216762
24.54,225395,216594
24.56,225186,216493
24.58,224903,216475
24.6,224759,216462
24.62,224613,216258
24.64,224399,216284
24.66,224361,216425
24.68,224420,216285
24.7,224489,216476
24.72,224571,216252
24.74,224536,216505
24.76,224604,216306
24.78,224600,216532
24.8,224602,216290
24.82,224621,216535
24.84,224832,216327
24.86,224785,216532
24.88,224869,216413
24.9,224881,216502
24.92,225044,216479
24.94,225097,216552
24.96,225176,216534
24.98,225227,216566
25,225348,216636
25.02,225391,216588
25.04,225482,216672
25.06,225530,216644
25.08,225721,216675
25.1,225704,216848
25.12,225782,216679
25.14,225845,216739
25.16,225934,216942
25.18,226020,216834
25.2,226210,216828
25.22,226159,217005
25.24,226253,216911
25.26,226444,216902
25.28,226403,217090
25.3,226523,216917
25.32,226550,216988
25.34,226646,217144
25.36,226717,217047
25.38,226726,217029
25.4,226358,217133
25.42,226052,216852
25.44,225764,216748
25.46,225320,216777
25.48,225024,216481
25.5,224861,216427
25.52,224496,216482
25.54,224315,216303
25.56,224237,216187
25.58,223948,216312
25.6,223961,216138
25.62,223973,216205
25.64,224014,216199
25.66,224109,216241
25.68,224134,216227
25.7,224139,216266
25.72,224134,216257
25.74,224173,216268
25.76,224208,216260
25.78,224300,216296
25.8,224335,216250
25.82,224388,216334
25.84,224422,216371
25.86,224552,216345
25.88,224632,216540
25.9,224678,216399
25.92,224731,216509
25.94,224843,216408
25.96,224885,216490
25.98,224991,216569
26,225007,216485
26.02,225112,216579
26.04,225107,216564
26.06,225236,216610
26.08,225303,216687
26.1,225380,216638
26.12,225515,216690
26.14,225561,216761
26.16,225590,216714
26.18,225699,216752
26.2,225783,216798
26.22,225844,216798
26.24,225941,216787
26.26,225988,216924
26.28,226096,216878
26.3,226176,216923
26.32,226067,216992
26.34,225735,216822
26.36,225476,216742
26.38,225109,216641
26.4,224767,216470
26.42,224523,216367
26.44,224294,216336
26.46,224118,216209
26.48,223919,216106
26.5,223793,216132
26.52,223714,216077
26.54,223779,215911
26.56,223745,216196
26.58,223914,215955
26.6,223908,216226
26.62,224026,216007
26.64,223979,216258
26.66,224095,216027
26.68,224060,216288
26.7,224206,216078
26.72,224159,216324
26.74,224220,216177
26.76,224247,216282
26.78,224417,216248
26.8,224494,216319
26.82,224590,216300
26.84,224636,216339
26.86,224748,216491
26.88,224868,216373
26.9,224921,216541
26.92,225037,216406
26.94,225108,216477
26.96,225203,216657
26.98,225315,216465
27,225352,216568
27.02,225464,216746
27.04,225570,216562
27.06,225628,216635
27.08,225750,216807
27.1,225867,216693
27.12,226065,216746
27.14,225989,216926
27.16,226135,216809
27.18,226351,216805
27.2,226322,217011
27.22,226429,216887
27.24,226518,216918
27.26,226612,217091
27.28,226661,216977
27.3,226725,216952
27.32,226426,217069
27.34,226196,216858
27.36,225980,216738
27.38,225661,216772
27.4,225477,216577
27.42,225392,216491
27.44,225176,216567
27.46,225027,216402
27.48,224957,216358
27.5,224871,216376
27.52,224846,216197
27.54,224869,216279
27.56,224967,216199
27.58,225028,216322
27.6,225086,216219
27.62,225104,216353
27.64,225161,216238
27.66,225176,216350
27.68,225234,216266
27.7,225271,216382
27.72,225342,216359
27.74,225410,216396
27.76,225497,216571
27.78,225595,216433
27.8,225642,216570
27.82,225731,216458
27.84,225821,216539
27.86,225863,216510
27.88,226078,216537
27.9,226025,216724
27.92,226120,216571
27.94,226159,216642
27.96,226260,216637
27.98,226291,216626
28,226420,216705
28.02,226506,216722
28.04,226545,216710
28.06,226653,216783
28.08,226738,216759
28.1,226756,216771
28.12,226904,216868
28.14,227011,216868
28.16,227061,216840
28.18,227156,216925
28.2,227235,216949
28.22,227308,216884
28.24,227404,216981
28.26,227472,217077
28.28,227592,216951
28.3,227594,217056
28.32,227645,217225
28.34,227602,217002
28.36,227389,217008
28.38,227191,217062
28.4,227033,216816
28.42,226864,216784
28.44,226780,216901
28.46,226698,216703
28.48,226714,216650
28.5,226472,216776
28.52,226452,216599
28.54,226506,216550
28.56,226432,216698
28.58,226561,216451
28.6,226524,216697
28.62,226664,216480
28.64,226594,216712
28.66,226688,216481
28.68,226644,216693
28.7,226736,216539
28.72,226701,216729
28.74,226756,216572
28.76,226790,216686
28.78,226792,216613
28.8,226919,216672
28.82,226978,216602
28.84,227008,216692
28.86,227017,216744
28.88,227147,216677
28.9,227211,216857
28.92,227297,216690
28.94,227345,216779
28.96,227338,216803
28.98,227553,216793
29,227526,216938
29.02,227583,216866
29.04,227785,216849
29.06,227681,217035
29.08,227804,216931
29.1,227975,216920
29.12,227928,217084
29.14,228042,216987
29.16,228176,217016
29.18,228175,217163
29.2,228227,217052
29.22,228360,217118
29.24,228396,217201
29.26,228403,217148
29.28,228536,217175
29.3,228611,217252
29.32,228688,217206
29.34,228717,217188
29.36,228699,217258
29.38,228482,217200
29.4,228385,217112
29.42,228234,217108
29.44,228162,217028
29.46,227985,216932
29.48,227980,216989
29.5,227937,216935
29.52,227835,216887
29.54,227833,216916
29.56,227762,216856
29.58,227911,216759
29.6,227838,217010
29.62,227986,216770
29.64,227921,217050
29.66,227963,216800
29.68,228008,217047
29.7,227981,216791
29.72,227988,217053
29.74,228063,216787
29.76,228091,217016
29.78,228124,216885
29.8,228152,216977
29.82,228229,216903
29.84,228244,216954
29.86,228310,216915
29.88,228341,216951
29.9,228361,217019
29.92,228485,216951
29.94,228437,217066
29.96,228550,216964
29.98,228683,217009
30,228622,217164
30.02,228712,216919
30.04,228683,217043
30.06,228774,217200
30.08,228863,217016
30.1,228851,217074
30.12,228949,217240
30.14,229030,217070
30.16,229029,217141
30.18,229117,217258
30.2,229189,217118
30.22,229235,217199
30.24,229283,217379
30.26,229354,217261
30.28,229536,217256
30.3,229459,217424
30.32,229528,217297
30.34,229610,217279
30.36,229382,217426
30.38,229219,217218
30.4,229075,217184
30.42,228968,217247
30.44,228894,217083
30.46,228791,217056
30.48,228775,217131
30.5,228756,216939
30.52,228683,217001
30.54,228630,217000
30.56,228703,216886
30.58,228685,217054
30.6,228779,216959
30.62,228783,217068
30.64,228829,216990
30.66,228811,217060
30.68,228819,216933
30.7,228812,217036
30.72,228858,216964
30.74,228861,217051
30.76,228851,216974
30.78,228932,217026
30.8,228954,216903
30.82,228987,217023
30.84,229017,217047
30.86,229055,217001
30.88,229136,217145
30.9,229153,216987
30.92,229207,217075
30.94,229243,217041
30.96,229419,217055
30.98,229322,217215
31,229383,217018
31.02,229415,217085
31.04,229435,217226
31.06,229522,217074
31.08,229678,217132
31.1,229597,217305
31.12,229665,217206
31.14,229822,217165
31.16,229705,217346
31.18,229818,217197
31.2,229983,217222
31.22,229913,217394
31.24,229986,217229
31.26,229977,217300
31.28,230059,217374
31.3,230053,217288
31.32,230147,217346
31.34,230125,217386
31.36,229998,217276
31.38,229899,217292
31.4,229753,217238
31.42,229626,217126
31.44,229522,217150
31.46,229430,217093
31.48,229404,217006
31.5,229337,217095
31.52,229253,217001
31.54,229220,216939
31.56,229170,217026
31.58,229187,216831
31.6,229192,216954
31.62,229240,216889
31.64,229246,216963
31.66,229266,216917
31.68,229249,216935
31.7,229264,216835
31.72,229254,216927
31.74,229295,216848
31.76,229273,216921
31.78,229304,216855
31.8,229283,216888
31.82,229363,217036
31.84,229437,216843
31.86,229415,216996
31.88,229443,216847
31.9,229503,216947
31.92,229528,216931
31.94,229672,216899
31.96,229583,217081
31.98,229660,216907
32,229650,216969
32.02,229715,217051
32.04,229779,216895
32.06,229746,216993
32.08,229837,217129
32.1,229894,216988
32.12,230042,217020
32.14,229987,217208
32.16,230028,217023
32.18,230052,217063
32.2,230110,217240
32.22,230176,217023
32.24,230175,217109
32.26,230236,217265
32.28,230316,217110
32.3,230473,217155
32.32,230365,217324
32.34,230441,217240
32.36,230533,217182
32.38,230291,217293
32.4,230151,217157
32.42,229945,217059
32.44,229860,217163
32.46,229760,216906
32.48,229598,216916
32.5,229558,216990
32.52,229481,216811
32.54,229353,216831
32.56,229292,216771
32.58,229151,216692
32.6,229134,216760
32.62,229177,216688
32.64,229140,216754
32.66,229208,216703
32.68,229171,216740
32.7,229178,216677
32.72,229161,216717
32.74,229172,216644
32.76,229158,216711
32.78,229171,216623
32.8,229156,216724
32.82,229152,216712
32.84,229210,216700
32.86,229264,216860
32.88,229322,216690
32.9,229286,216834
32.92,229325,216728
32.94,229363,216769
32.96,229339,216774
32.98,229508,216761
33,229453,216896
33.02,229505,216736
33.04,229545,216804
33.06,229561,216963
33.08,229608,216859
33.1,229766,216844
33.12,229687,217006
33.14,229745,216854
33.16,229720,216890
33.18,229816,217038
33.2,229892,216862
33.22,229873,216927
33.24,229962,217104
33.26,230022,216905
33.28,230184,216989
33.3,230089,217157
33.32,230179,216985
33.34,230167,217054
33.36,230253,217224
33.38,230337,217055
33.4,230304,217113
33.42,230311,217234
33.44,230198,217059
33.46,230003,217063
33.48,229812,217015
33.5,229583,216890
33.52,229480,216866
33.54,229352,216778
33.56,229193,216678
33.58,229014,216688
33.6,228898,216650
33.62,228805,216566
33.64,228689,216549
33.66,228670,216577
33.68,228655,216558
33.7,228670,216575
33.72,228672,216564
33.74,228672,216586
33.76,228653,216549
33.78,228638,216585
33.8,228622,216554
33.82,228628,216582
33.84,228633,216553
33.86,228678,216728
33.88,228734,216520
33.9,228682,216695
33.92,228668,216566
33.94,228755,216634
33.96,228800,216575
33.98,228750,216616
34,228831,216717
34.02,228869,216642
34.04,228895,216686
34.06,228931,216683
34.08,228944,216669
34.1,228974,216759
34.12,229006,216712
34.14,229100,216753
34.16,229125,216855
34.18,229069,216752
34.2,229211,216821
34.22,229258,216885
34.24,229258,216815
34.26,229331,216825
34.28,229371,216911
34.3,229395,216863
34.32,229433,216855
34.34,229503,216942
34.36,229582,216942
34.38,229585,216934
34.4,229641,217006
34.42,229717,217039
34.44,229741,216958
34.46,229800,217056
34.48,229781,217037
34.5,229557,216963
34.52,229411,216962
34.54,229215,216920
34.56,229004,216789
34.58,228774,216739
34.6,228614,216690
34.62,228462,216591
34.64,228263,216550
34.66,228155,216498
34.68,228039,216412
34.7,227946,216455
34.72,227932,216372
34.74,227928,216445
34.76,227944,216354
34.78,227946,216448
34.8,227950,216315
34.82,227924,216447
34.84,227919,216301
34.86,227888,216435
34.88,227875,216377
34.9,227902,216418
34.92,227894,216492
34.94,228053,216343
34.96,227974,216564
34.98,228011,216408
35,227987,216535
35.02,228110,216469
35.04,228117,216522
35.06,228184,216589
35.08,228231,216516
35.1,228215,216650
35.12,228278,216599
35.14,228354,216597
35.16,228278,216723
35.18,228401,216680
35.2,228494,216646
35.22,228490,216783
35.24,228510,216710
35.26,228631,216749
35.28,228623,216859
35.3,228700,216766
35.32,228783,216798
35.34,228828,216922
35.36,228818,216839
35.38,228910,216882
35.4,228978,216949
35.42,228951,216889
35.44,229042,216924
35.46,229148,217037
35.48,229106,216979
35.5,229225,217015
35.52,229288,217078
35.54,229324,217031
35.56,229239,216987
35.58,229075,217034
35.6,228850,216939
35.62,228524,216794
35.64,228300,216766
35.66,228080,216650
35.68,227856,216555
35.7,227737,216577
35.72,227593,216475
35.74,227454,216413
35.76,227315,216434
35.78,227240,216405
35.8,227223,216398
35.82,227235,216408
35.84,227270,216428
35.86,227289,216456
35.88,227258,216451
35.9,227238,216468
35.92,227256,216450
35.94,227241,216507
35.96,227272,216452
35.98,227317,216646
36,227386,216453
36.02,227348,216601
36.04,227417,216503
36.06,227450,216595
36.08,227478,216542
36.1,227454,216609
36.12,227559,216754
36.14,227577,216638
36.16,227673,216722
36.18,227680,216698
36.2,227865,216710
36.22,227792,216898
36.24,227879,216747
36.26,227857,216820
36.28,227957,216999
36.3,228051,216814
36.32,228206,216885
36.34,228110,217076
36.36,228197,216965
36.38,228376,216947
36.4,228294,217124
36.42,228376,217050
36.44,228513,217036
36.46,228476,217181
36.48,228541,217095
36.5,228655,217141
36.52,228691,217234
36.54,228693,217180
36.56,228804,217191
36.58,228869,217276
36.6,228803,217229
36.62,228774,217223
36.64,228567,217248
36.66,228256,217127
36.68,228027,217000
36.7,227741,216977
36.72,227484,216806
36.74,227367,216789
36.76,227190,216757
36.78,227004,216660
36.8,226903,216611
36.82,226771,216665
36.84,226721,216497
36.86,226722,216583
36.88,226780,216493
36.9,226790,216621
36.92,226821,216543
36.94,226804,216654
36.96,226808,216532
36.98,226798,216654
37,226832,216565
37.02,226828,216676
37.04,226865,216647
37.06,226846,216673
37.08,226970,216859
37.1,227045,216691
37.12,227056,216871
37.14,227051,216774
37.16,227164,216822
37.18,227211,216831
37.2,227280,216842
37.22,227329,217027
37.24,227344,216855
37.26,227445,216954
37.28,227479,216935
37.3,227504,216935
37.32,227602,217005
37.34,227687,217009
37.36,227748,216973
37.38,227788,217074
37.4,227899,217083
37.42,227861,217045
37.44,227973,217144
37.46,228072,217164
37.48,228160,217132
37.5,228188,217208
37.52,228253,217250
37.54,228351,217199
37.56,228347,217266
37.58,228449,217348
37.6,228531,217222
37.62,228534,217319
37.64,228662,217486
37.66,228723,217377
37.68,228865,217399
37.7,228652,217533
37.72,228452,217349
37.74,228254,217228
37.76,227820,217286
37.78,227544,217048
37.8,227396,216930
37.82,227039,217009
37.84,226905,216878
37.86,226752,216771
37.88,226563,216799
37.9,226390,216645
37.92,226318,216649
37.94,226297,216670
37.96,226322,216627
37.98,226342,216756
38,226368,216675
38.02,226365,216799
38.04,226355,216698
38.06,226336,216831
38.08,226357,216693
38.1,226440,216869
38.12,226515,216678
38.14,226511,216872
38.16,226517,216770
38.18,226632,216824
38.2,226696,216760
38.22,226716,216859
38.24,226794,216902
38.26,226958,216874
38.28,226893,217054
38.3,226950,216897
38.32,227025,216988
38.34,227018,217020
38.36,227217,216991
38.38,227194,217164
38.4,227262,217090
38.42,227436,217046
38.44,227355,217220
38.46,227477,217141
38.48,227640,217124
38.5,227566,217306
38.52,227690,217228
38.54,227866,217204
38.56,227775,217378
38.58,227883,217325
38.6,228028,217286
38.62,228035,217422
38.64,228068,217357
38.66,228148,217410
38.68,228259,217444
38.7,228228,217430
38.72,228387,217453
38.74,228431,217531
38.76,228292,217474
38.78,228170,217448
38.8,227853,217367
38.82,227523,217186
38.84,227198,217031
38.86,226976,217036
38.88,226752,216941
38.9,226527,216810
38.92,226382,216884
38.94,226131,216735
38.96,226028,216670
38.98,225927,216705
39,225900,216614
39.02,225930,216710
39.04,225967,216650
39.06,226021,216732
39.08,226025,216697
39.1,226035,216771
39.12,226001,216718
39.14,226022,216780
39.16,226088,216729
39.18,226136,216798
39.2,226154,216746
39.22,226222,216812
39.24,226230,216898
39.26,226428,216844
39.28,226389,217019
39.3,226462,216907
39.32,226514,217001
39.34,226607,216881
39.36,226631,216982
39.38,226712,217030
39.4,226740,217003
39.42,226829,217076
39.44,226839,217050
39.46,227014,217101
39.48,226943,217164
39.5,227087,217151
39.52,227226,217141
39.54,227261,217278
39.56,227265,217219
39.58,227383,217249
39.6,227464,217332
39.62,227510,217237
39.64,227652,217285
39.66,227627,217448
39.68,227717,217351
39.7,227848,217367
39.72,227904,217489
39.74,227903,217401
39.76,228038,217471
39.78,228098,217525
39.8,228139,217488
39.82,228029,217430
39.84,227833,217439
39.86,227504,217294
39.88,227123,217130
39.9,226844,217088
39.92,226585,216973
39.94,226373,216850
39.96,226128,216838
39.98,225945,216832
40,225807,216685
40.02,225606,216677
40.04,225531,216687
40.06,225513,216631
40.08,225545,216724
40.1,225595,216664
40.12,225607,216806
40.14,225618,216705
40.16,225620,216885
40.18,225627,216683
40.2,225656,216892
40.22,225830,216710
40.24,225779,216885
40.26,225820,216763
40.28,225811,216853
40.3,225971,216770
40.32,226010,216876
40.34,226072,216872
40.36,226138,216903
40.38,226211,216963
40.4,226258,216899
40.42,226351,217028
40.44,226387,216982
40.46,226436,216993
40.48,226538,217171
40.5,226624,216959
40.52,226621,217080
40.54,226732,217222
40.56,226825,217093
40.58,226824,217143
40.6,226948,217326
40.62,227051,217112
40.64,227049,217221
40.66,227171,217336
40.68,227264,217170
40.7,227321,217290
40.72,227370,217453
40.74,227465,217342
40.76,227653,217341
40.78,227579,217541
40.8,227614,217459
40.82,227604,217377
40.84,227188,217451
40.86,226878,217236
40.88,226638,217099
40.9,226231,217104
40.92,225956,216912
40.94,225789,216857
40.96,225581,216829
40.98,225360,216692
41,225282,216684
41.02,225181,216714
41.04,225214,216584
41.06,225204,216702
41.08,225317,216650
41.1,225314,216773
41.12,225339,216695
41.14,225324,216762
41.16,225400,216709
41.18,225359,216810
41.2,225385,216695
41.22,225394,216771
41.24,225511,216750
41.26,225542,216821
41.28,225627,216813
41.3,225659,216813
41.32,225749,217006
41.34,225880,216826
41.36,225888,217009
41.38,225981,216867
41.4,226012,216972
41.42,226083,217030
41.44,226192,217003
41.46,226195,217110
41.48,226272,217051
41.5,226416,217087
41.52,226379,217184
41.54,226501,217147
41.56,226677,217091
41.58,226581,217280
41.6,226727,217208
41.62,226876,217182
41.64,226857,217343
41.66,226914,217279
41.68,227084,217306
41.7,227124,217429
41.72,227120,217349
41.74,227234,217424
41.76,227175,217454
41.78,226892,217338
41.8,226629,217242
41.82,226246,217151
41.84,225905,216977
41.86,225515,216840
41.88,225298,216803
41.9,225119,216730
41.92,224873,216603
41.94,224688,216591
41.96,224580,216537
41.98,224580,216401
42,224499,216629
42.02,224643,216412
42.04,224635,216661
42.06,224732,216480
42.08,224681,216714
42.1,224756,216548
42.12,224712,216741
42.14,224782,216541
42.16,224790,216747
42.18,224806,216619
42.2,224805,216731
42.22,224988,216649
42.24,225005,216758
42.26,225107,216723
42.28,225120,216784
42.3,225235,216955
42.32,225309,216784
42.34,225361,216919
42.36,225456,216837
42.38,225624,216864
42.4,225594,217060
42.42,225647,216935
42.44,225747,216974
42.46,225817,217008
42.48,225916,216948
42.5,225975,217064
42.52,226061,217109
42.54,226099,217052
42.56,226206,217151
42.58,226293,217167
42.6,226398,217146
42.62,226401,217204
42.64,226527,217345
42.66,226618,217178
42.68,226684,217272
42.7,226744,217425
42.72,226860,217311
42.74,226989,217342
42.76,226878,217493
42.78,226708,217318
42.8,226506,217260
42.82,225943,217284
42.84,225617,217041
42.86,225406,216860
42.88,224954,216907
42.9,224731,216702
42.92,224479,216610
42.94,224304,216654
42.96,224119,216454
42.98,223945,216436
43,223895,216560
43.02,223957,216416
43.04,224022,216576
43.06,224083,216499
43.08,224118,216656
43.1,224153,216485
43.12,224181,216699
43.14,224185,216472
43.16,224218,216731
43.18,224333,216572
43.2,224412,216726
43.22,224474,216627
43.24,224512,216726
43.26,224631,216653
43.28,224697,216732
43.3,224789,216706
43.32,224805,216751
43.34,224935,216881
43.36,224977,216773
43.38,225074,216868
43.4,225131,216849
43.42,225334,216872
43.44,225293,217036
43.46,225406,216835
43.48,225411,216949
43.5,225566,217085
43.52,225619,216948
43.54,225681,217056
43.56,225783,217139
43.58,225818,217050
43.6,225937,217149
43.62,226045,217143
43.64,226066,217148
43.66,226174,217231
43.68,226267,217242
43.7,226304,217226
43.72,226405,217322
43.74,226505,217331
43.76,226574,217300
43.78,226649,217400
43.8,226660,217436
43.82,226484,217320
43.84,226190,217335
43.86,225749,217165
43.88,225430,217003
43.9,225116,216952
43.92,224823,216821
43.94,224615,216721
43.96,224357,216751
43.98,224146,216612
44,224024,216558
44.02,223858,216601
44.04,223835,216418
44.06,223850,216496
44.08,223942,216456
44.1,224020,216557
44.12,224066,216478
44.14,224086,216593
44.16,224119,216504
44.18,224132,216604
44.2,224186,216542
44.22,224242,216639
44.24,224287,216590
44.26,224354,216682
44.28,224362,216789
44.3,224623,216645
44.32,224595,216890
44.34,224657,216763
44.36,224666,216856
44.38,224812,216823
44.4,224850,216862
44.42,224939,217033
44.44,224978,216884
44.46,225087,216948
44.48,225181,216948
44.5,225193,216908
44.52,225324,217031
44.54,225444,217065
44.56,225485,217012
44.58,225576,217107
44.6,225682,217136
44.62,225724,217092
44.64,225835,217191
44.66,225925,217202
44.68,225992,217163
44.7,226053,217285
44.72,226142,217309
44.74,226232,217239
44.76,226291,217318
44.78,226390,217371
44.8,226484,217351
44.82,226531,217410
44.84,226605,217502
44.86,226560,217380
44.88,226304,217388
44.9,225944,217434
44.92,225563,217135
44.94,225324,217020
44.96,224880,217064
44.98,224660,216758
45,224386,216761
45.02,224204,216749
45.04,224040,216576
45.06,223858,216597
45.08,223781,216608
45.1,223784,216557
45.12,223856,216574
45.14,223938,216605
45.16,223983,216621
45.18,224018,216654
45.2,224025,216653
45.22,224031,216688
45.24,224100,216676
45.26,224077,216686
45.28,224190,216858
45.3,224323,216669
45.32,224290,216877
45.34,224340,216742
45.36,224459,216825
45.38,224553,216743
45.4,224585,216877
45.42,224618,216882
45.44,224825,216872
45.46,224827,217051
45.48,224915,216900
45.5,224946,216990
45.52,225043,217046
45.54,225102,216990
45.56,225176,217084
45.58,225223,217088
45.6,225364,217154
45.62,225431,217212
45.64,225519,217196
45.66,225705,217184
45.68,225645,217337
45.7,225764,217213
45.72,225953,217240
45.74,225862,217434
45.76,225988,217288
45.78,226200,217317
45.8,226145,217498
45.82,226247,217338
45.84,226261,217423
45.86,226368,217537
45.88,226278,217392
45.9,226017,217375
45.92,225683,217323
45.94,225310,217095
45.96,224867,217015
45.98,224632,217054
46,224392,216758
46.02,224114,216740
46.04,223943,216727
46.06,223794,216517
46.08,223600,216544
46.1,223515,216697
46.12,223529,216473
46.14,223617,216712
46.16,223727,216538
46.18,223709,216766
46.2,223735,216567
46.22,223756,216768
46.24,223828,216586
46.26,223843,216821
46.28,224036,216604
46.3,224002,216832
46.32,224027,216682
46.34,224142,216775
46.36,224228,216680
46.38,224282,216826
46.4,224365,216805
46.42,224375,216832
46.44,224518,216986
46.46,224578,216878
46.48,224665,216949
46.5,224673,216916
46.52,224848,216960
46.54,224829,217072
46.56,224959,217029
46.58,225141,217008
46.6,225099,217182
46.62,225204,217135
46.64,225396,217104
46.66,225323,217278
46.68,225477,217186
46.7,225619,217180
46.72,225627,217358
46.74,225693,217253
46.76,225818,217315
46.78,225888,217395
46.8,225909,217319
46.82,226057,217392
46.84,226118,217468
46.86,226113,217399
46.88,226263,217437
46.9,226356,217506
46.92,226373,217477
46.94,226384,217487
46.96,226208,217513
46.98,225791,217350
47,225452,217220
47.02,225037,217140
47.04,224688,216963
47.06,224305,216799
47.08,224093,216748
47.1,223852,216664
47.12,223631,216539
47.14,223407,216510
47.16,223254,216485
47.18,223231,216367
47.2,223210,216508
47.22,223334,216408
47.24,223336,216589
47.26,223445,216423
47.28,223408,216591
47.3,223486,216464
47.32,223444,216605
47.34,223547,216501
47.36,223558,216636
47.38,223618,216556
47.4,223727,216629
47.42,223762,216589
47.44,223853,216657
47.46,223860,216755
47.48,224104,216654
47.5,224112,216861
47.52,224179,216715
47.54,224265,216816
47.56,224315,216769
47.58,224528,216828
47.6,224480,217003
47.62,224588,216787
47.64,224595,216889
47.66,224721,217065
47.68,224821,216937
47.7,225022,216958
47.72,224953,217151
47.74,225078,217062
47.76,225291,217041
47.78,225252,217238
47.8,225343,217160
47.82,225551,217132
47.84,225477,217341
47.86,225581,217233
47.88,225774,217206
47.9,225746,217386
47.92,225830,217294
47.94,225959,217319
47.96,225969,217448
47.98,226062,217391
48,226231,217429
48.02,226237,217524
48.04,226098,217443
48.06,225918,217359
48.08,225536,217286
48.1,225132,217147
48.12,224699,216938
48.14,224367,216868
48.16,224073,216709
48.18,223803,216613
48.2,223568,216600
48.22,223377,216478
48.24,223153,216381
48.26,222959,216414
48.28,222953,216370
48.3,222984,216410
48.32,223152,216374
48.34,223199,216442
48.36,223255,216453
48.38,223270,216499
48.4,223316,216424
48.42,223312,216513
48.44,223413,216382
48.46,223422,216544
48.48,223461,216564
48.5,223587,216543
48.52,223698,216742
48.54,223795,216601
48.56,223847,216721
48.58,223897,216646
48.6,224015,216737
48.62,224047,216745
48.64,224247,216739
48.66,224237,216897
48.68,224358,216761
48.7,224410,216810
48.72,224505,216988
48.74,224603,216869
48.76,224766,216889
48.78,224762,217063
48.8,224839,216968
48.82,225039,216964
48.84,224985,217167
48.86,225122,217070
48.88,225272,217095
48.9,225259,217252
48.92,225382,217209
48.94,225511,217199
48.96,225557,217293
48.98,225585,217243
49,225731,217282
49.02,225800,217354
49.04,225849,217281
49.06,226020,217374
49.08,226059,217433
49.1,225982,217391
49.12,225875,217360
49.14,225513,217331
49.16,225098,217120
49.18,224769,217009
49.2,224377,216907
49.22,223991,216707
49.24,223781,216634
49.26,223613,216623
49.28,223341,216465
49.3,223226,216445
49.32,223111,216447
49.34,223079,216298
49.36,223136,216398
49.38,223228,216354
49.4,223282,216469
49.42,223316,216412
49.44,223306,216485
49.46,223350,216466
49.48,223379,216504
49.5,223436,216416
49.52,223471,216525
49.54,223489,216568
49.56,223743,216541
49.58,223704,216723
49.6,223794,216594
49.62,223823,216683
49.64,223960,216632
49.66,224019,216703
49.68,224127,216738
49.7,224227,216698
49.72,224252,216839
49.74,224368,216765
49.76,224545,216810
49.78,224478,216964
49.8,224588,216879
49.82,224772,216857
49.84,224758,217050
49.86,224816,216975
49.88,224998,216985
49.9,225050,217095
49.92,225069,217019
49.94,225252,217085
49.96,225250,217206
49.98,225359,217145
50,225486,217167
50.02,225554,217270
50.04,225564,217179
50.06,225709,217206
50.08,225816,217301
50.1,225848,217281
50.12,225945,217270
50.14,225914,217401
50.16,225655,217261
50.18,225308,217161
50.2,224890,217047
50.22,224481,216874
50.24,224032,216688
50.26,223771,216638
50.28,223542,216526
50.3,223278,216380
50.32,223071,216379
50.34,222908,216294
50.36,222858,216137
50.38,222761,216354
50.4,222890,216133
50.42,222909,216432
50.44,223033,216209
50.46,222986,216439
50.48,223092,216232
50.5,223027,216446
50.52,223115,216203
50.54,223079,216456
50.56,223132,216332
50.58,223153,216412
50.6,223308,216373
50.62,223362,216441
50.64,223432,216458
50.66,223460,216446
50.68,223601,216634
50.7,223731,216487
50.72,223684,216641
50.74,223849,216537
50.76,223918,216581
50.78,223993,216751
50.8,224086,216572
50.82,224100,216630
50.84,224199,216814
50.86,224311,216688
50.88,224498,216726
50.9,224466,216914
50.92,224580,216696
50.94,224630,216814
50.96,224732,216972
50.98,224828,216861
51,225004,216887
51.02,224931,217074
51.04,225087,216986
51.06,225204,216963
51.08,225211,217130
51.1,225269,217050
51.12,225479,217043
51.14,225372,217211
51.16,225518,217123
51.18,225656,217153
51.2,225648,217246
51.22,225433,217141
51.24,225151,217064
51.26,224716,216955
51.28,224231,216752
51.3,223857,216601
51.32,223503,216512
51.34,223216,216363
51.36,222898,216196
51.38,222699,216192
51.4,222482,216076
51.42,222287,215980
51.44,222140,216003
51.46,222118,215974
51.48,222208,216015
51.5,222295,215941
51.52,222335,216069
51.54,222386,216055
51.56,222407,216090
51.58,222477,216070
51.6,222485,216111
51.62,222595,216010
51.64,222644,216143
51.66,222681,216147
51.68,222810,216149
51.7,222890,216329
51.72,222995,216173
51.74,223033,216327
51.76,223096,216248
51.78,223236,216337
51.8,223258,216326
51.82,223466,216326
51.84,223436,216509
51.86,223569,216345
51.88,223604,216421
51.9,223722,216514
51.92,223814,216404
51.94,223828,216509
51.96,223979,216693
51.98,224094,216541
52,224302,216604
52.02,224265,216787
52.04,224388,216668
52.06,224566,216705
52.08,224551,216885
52.1,224673,216728
52.12,224849,216783
52.14,224768,216993
52.16,224909,216862
52.18,225052,216886
52.2,225079,217041
52.22,225171,216960
52.24,225332,216970
52.26,225323,217120
52.28,225425,217014
52.3,225394,217073
52.32,225142,217103
52.34,224662,216868
52.36,224258,216733
52.38,223840,216607
52.4,223423,216400
52.42,223085,216247
52.44,222856,216206
52.46,222606,216115
52.48,222383,215971
52.5,222178,215984
52.52,222073,215848
52.54,222017,215895
52.56,222088,215867
52.58,222163,215935
52.6,222239,215939
52.62,222298,215996
52.64,222311,215993
52.66,222333,216016
52.68,222392,216019
52.7,222422,216021
52.72,222450,216070
52.74,222682,216022
52.76,222660,216226
52.78,222757,216089
52.8,222811,216214
52.82,222895,216156
52.84,222985,216238
52.86,223034,216220
52.88,223223,216232
52.9,223206,216398
52.92,223321,216257
52.94,223375,216326
52.96,223476,216438
52.98,223529,216323
53,223654,216424
53.02,223741,216434
53.04,223817,216433
53.06,223916,216518
53.08,224003,216533
53.1,224044,216479
53.12,224184,216623
53.14,224280,216617
53.16,224362,216601
53.18,224450,216694
53.2,224535,216709
53.22,224571,216696
53.24,224695,216805
53.26,224798,216791
53.28,224880,216791
53.3,224959,216860
53.32,225041,216912
53.34,225090,216846
53.36,224903,216879
53.38,224601,216900
53.4,224207,216536
53.42,223680,216476
53.44,223344,216478
53.46,223047,216138
53.48,222756,216100
53.5,222511,216192
53.52,222290,215961
53.54,222213,215856
53.56,221940,215961
53.58,221933,215817
53.6,221985,215850
53.62,222140,215818
53.64,222191,215933
53.66,222245,215940
53.68,222263,215975
53.7,222300,215910
53.72,222279,215988
53.74,222331,215928
53.76,222437,216014
53.78,222496,215951
53.8,222583,216052
53.82,222624,216089
53.84,222882,216074
53.86,222851,216261
53.88,222933,216138
53.9,222970,216246
53.92,223107,216172
53.94,223154,216230
53.96,223277,216313
53.98,223316,216244
54,223426,216340
54.02,223434,216348
54.04,223624,216411
54.06,223616,216484
54.08,223744,216412
54.1,223904,216471
54.12,223959,216586
54.14,224008,216558
54.16,224155,216604
54.18,224263,216657
54.2,224264,216621
54.22,224414,216671
54.24,224494,216738
54.26,224570,216717
54.28,224633,216698
54.3,224744,216792
54.32,224867,216796
54.34,224961,216775
54.36,224993,216861
54.38,225071,216919
54.4,225023,216821
54.42,224673,216819
54.44,224293,216778
54.46,223855,216416
54.48,223397,216325
54.5,222953,216341
54.52,222664,216095
54.54,222484,215965
54.56,222076,216018
54.58,221907,215831
54.6,221821,215734
54.62,221607,215841
54.64,221649,215581
54.66,221633,215824
54.68,221799,215605
54.7,221797,215919
54.72,221938,215655
54.74,221849,215947
54.76,221988,215678
54.78,221909,215967
54.8,222006,215738
54.82,222029,215929
54.84,222062,215811
54.86,222210,215897
54.88,222269,215836
54.9,222361,215954
54.92,222443,215973
54.94,222516,215989
54.96,222613,216160
54.98,222629,215987
55,222776,216103
55.02,222797,216124
55.04,223006,216092
55.06,223014,216273
55.08,223122,216177
55.1,223289,216188
55.12,223232,216375
55.14,223374,216250
55.16,223576,216280
55.18,223502,216459
55.2,223643,216377
55.22,223864,216384
55.24,223801,216581
55.26,223908,216451
55.28,224033,216483
55.3,224076,216660
55.32,224180,216500
55.34,224208,216569
55.36,224351,216681
55.38,224487,216582
55.4,224549,216704
55.42,224602,216755
55.44,224578,216655
55.46,224308,216673
55.48,223906,216534
55.5,223391,216288
55.52,222984,216222
55.54,222604,216061
55.56,222259,215878
55.58,222027,215877
55.6,221751,215762
55.62,221572,215687
55.64,221345,215675
55.66,221267,215534
55.68,221248,215565
55.7,221315,215483
55.72,221377,215620
55.74,221510,215602
55.76,221561,215685
55.78,221588,215647
55.8,221626,215717
55.82,221700,215674
55.84,221752,215738
55.86,221839,215663
55.88,221896,215786
55.9,221974,215790
55.92,222077,215815
55.94,222185,215988
55.96,222310,215850
55.98,222356,216004
56,222484,215871
56.02,222560,215986
56.04,222666,216063
56.06,222744,216014
56.08,222836,216142
56.1,222922,216097
56.12,223146,216116
56.14,223080,216278
56.16,223233,216207
56.18,223453,216219
56.2,223391,216428
56.22,223551,216289
56.24,223625,216327
56.26,223721,216512
56.28,223834,216385
56.3,224025,216422
56.32,223947,216604
56.34,224090,216539
56.36,224282,216506
56.38,224277,216695
56.4,224404,216616
56.42,224600,216598
56.44,224511,216814
56.46,224476,216711
56.48,224261,216608
56.5,223796,216568
56.52,223287,216299
56.54,222969,216176
56.56,222593,216102
56.58,222233,215877
56.6,222065,215849
56.62,221857,215805
56.64,221577,215648
56.66,221482,215591
56.68,221394,215598
56.7,221418,215535
56.72,221494,215629
56.74,221606,215582
56.76,221683,215672
56.78,221688,215661
56.8,221729,215709
56.82,221749,215671
56.84,221796,215739
56.86,221924,215703
56.88,221981,215787
56.9,222043,215788
56.92,222107,215793
56.94,222164,215963
56.96,222448,215826
56.98,222421,216048
57,222510,215881
57.02,222622,216022
57.04,222649,215991
57.06,222881,215989
57.08,222875,216192
57.1,222969,216076
57.12,223151,216112
57.14,223110,216295
57.16,223241,216215
57.18,223431,216207
57.2,223392,216378
57.22,223528,216275
57.24,223754,216298
57.26,223682,216490
57.28,223804,216383
57.3,223880,216377
57.32,223988,216589
57.34,224085,216446
57.36,224159,216519
57.38,224262,216590
57.4,224374,216476
57.42,224308,216608
57.44,224119,216559
57.46,223768,216411
57.48,223316,216311
57.5,222928,216141
57.52,222585,215966
57.54,222283,215911
57.56,222002,215810
57.58,221778,215653
57.6,221647,215675
57.62,221471,215591
57.64,221401,215447
57.66,221429,215704
57.68,221622,215449
57.7,221603,215779
57.72,221765,215539
57.74,221695,215783
57.76,221804,215574
57.78,221748,215797
57.8,221885,215569
57.82,221846,215873
57.84,221968,215680
57.86,221970,215839
57.88,222062,215733
57.9,222074,215870
57.92,222266,215795
57.94,222337,215903
57.96,222417,215915
57.98,222646,215914
58,222592,216098
58.02,222691,215950
58.04,222771,216062
58.06,222829,216106
58.08,223009,216056
58.1,223031,216221
58.12,223151,216102
58.14,223211,216165
58.16,223300,216318
58.18,223423,216160
58.2,223420,216269
58.22,223568,216400
58.24,223609,216302
58.26,223760,216358
58.28,223868,216414
58.3,223937,216403
58.32,224051,216496
58.34,224102,216502
58.36,224176,216494
58.38,224015,216564
58.4,223636,216394
58.42,223262,216297
58.44,222798,216165
58.46,222356,215922
58.48,222100,215762
58.5,221744,215790
58.52,221511,215589
58.54,221346,215515
58.56,221047,215549
58.58,220928,215420
58.6,220839,215360
58.62,220868,215421
58.64,220957,215380
58.66,221052,215517
58.68,221106,215435
58.7,221136,215571
58.72,221145,215466
58.74,221174,215615
58.76,221284,215463
58.78,221355,215697
58.8,221484,215509
58.82,221514,215695
58.84,221532,215566
58.86,221700,215674
58.88,221810,215584
58.9,221870,215729
58.92,221900,215776
58.94,222115,215741
58.96,222111,215898
58.98,222245,215837
59,222450,215834
59.02,222407,216035
59.04,222537,215869
59.06,222533,215935
59.08,222669,216102
59.1,222784,215978
59.12,222882,216039
59.14,222954,216215
59.16,223048,216067
59.18,223256,216113
59.2,223197,216308
59.22,223317,216150
59.24,223399,216187
59.26,223450,216381
59.28,223545,216308
59.3,223704,216285
59.32,223547,216447
59.34,223399,216283
59.36,223184,216169
59.38,222605,216160
59.4,222184,215896
59.42,221908,215692
59.44,221437,215722
59.46,221180,215483
59.48,220998,215344
59.5,220642,215422
59.52,220492,215249
59.54,220434,215131
59.56,220342,215248
59.58,220412,215086
59.6,220476,215280
59.62,220612,215200
59.64,220637,215382
59.66,220727,215235
59.68,220724,215391
59.7,220778,215289
59.72,220852,215404
59.74,220875,215350
59.76,221010,215423
59.78,221116,215331
59.8,221192,215480
59.82,221251,215525
59.84,221362,215501
59.86,221503,215714
59.88,221638,215497
59.9,221621,215739
59.92,221791,215630
59.94,222022,215658
59.96,221961,215865
59.98,222047,215701
60,222151,215789
60.02,222264,215817
60.04,222318,215818
60.06,222441,215923
60.08,222566,215912
60.1,222602,215896
60.12,222761,216022
60.14,222873,216058
60.16,222939,216020
60.18,223060,216128
60.2,223191,216155
60.22,223224,216124
60.24,223366,216241
60.26,223451,216267
60.28,223428,216211
60.3,223176,216203
60.32,222803,216118
60.34,222399,215895
60.36,222024,215790
60.38,221716,215672
60.4,221460,215492
60.42,221189,215446
60.44,221019,215519
60.46,220872,215270
60.48,220735,215250
60.5,220677,215352
60.52,220732,215213
60.54,220830,215312
60.56,220958,215302
60.58,221028,215407
60.6,221109,215370
60.62,221149,215435
60.64,221193,215432
60.66,221247,215483
60.68,221319,215446
60.7,221418,215537
60.72,221529,215452
60.74,221622,215584
60.76,221725,215594
60.78,221758,215621
60.8,221889,215784
60.82,222104,215583
60.84,222104,215842
60.86,222199,215729
60.88,222326,215836
60.9,222365,215851
60.92,222600,215880
60.94,222613,216014
60.96,222740,215875
60.98,222827,215953
61,222921,216136
61.02,223038,216076
61.04,223233,216064
61.06,223196,216266
61.08,223347,216203
61.1,223548,216164
61.12,223530,216363
61.14,223667,216270
61.16,223880,216289
61.18,223816,216475
61.2,223883,216368
61.22,223787,216354
61.24,223440,216347
61.26,223095,216124
61.28,222870,216002
61.3,222549,216003
61.32,222379,215819
61.34,222301,215771
61.36,222157,215791
61.38,221960,215655
61.4,221938,215655
61.42,221953,215646
61.44,222013,215510
61.46,222118,215669
61.48,222227,215582
61.5,222271,215713
61.52,222353,215610
61.54,222396,215762
61.56,222470,215643
61.58,222526,215798
61.6,222631,215714
61.62,222688,215845
61.64,222751,215865
61.66,222896,215883
61.68,223009,216085
61.7,223142,215916
61.72,223196,216088
61.74,223304,216019
61.76,223419,216088
61.78,223486,216121
61.8,223730,216116
61.82,223718,216296
61.84,223855,216152
61.86,223887,216232
61.88,224035,216399
61.9,224179,216236
61.92,224219,216349
61.94,224381,216506
61.96,224519,216391
61.98,224610,216471
62,224722,216651
62.02,224857,216534
62.04,224978,216574
62.06,225059,216775
62.08,225201,216639
62.1,225352,216688
62.12,225174,216829
62.14,224960,216660
62.16,224822,216523
62.18,224462,216590
62.2,224373,216405
62.22,224322,216299
62.24,224168,216388
62.26,224052,216231
62.28,224074,216208
62.3,223986,216254
62.32,223936,216176
62.34,223975,216127
62.36,224070,216311
62.38,224168,216209
62.4,224256,216400
62.42,224347,216215
62.44,224426,216439
62.46,224563,216204
62.48,224496,216475
62.5,224589,216242
62.52,224704,216479
62.54,224828,216338
62.56,224863,216490
62.58,224955,216394
62.6,225060,216491
62.62,225165,216415
62.64,225221,216523
62.66,225267,216579
62.68,225500,216534
62.7,225482,216731
62.72,225612,216569
62.74,225662,216676
62.76,225786,216736
62.78,225851,216684
62.8,225963,216811
62.82,226007,216795
62.84,226185,216833
62.86,226243,216933
62.88,226298,216878
62.9,226447,216918
62.92,226507,217050
62.94,226544,216975
62.96,226679,217040
62.98,226725,217097
63,226842,217057
63.02,226999,217093
63.04,226965,217222
63.06,226944,217119
63.08,226852,217081
63.1,226645,217099
63.12,226435,216924
63.14,226341,216904
63.16,226242,216867
63.18,226154,216766
63.2,226078,216690
63.22,226020,216718
63.24,225959,216668
63.26,225948,216613
63.28,225953,216669
63.3,226001,216592
63.32,226079,216677
63.34,226119,216654
63.36,226173,216726
63.38,226214,216648
63.4,226236,216720
63.42,226291,216648
63.44,226319,216716
63.46,226361,216668
63.48,226460,216732
63.5,226477,216669
63.52,226537,216738
63.54,226612,216866
63.56,226769,216673
63.58,226737,216914
63.6,226800,216758
63.62,226878,216858
63.64,226932,216841
63.66,227124,216837
63.68,227057,217022
63.7,227109,216851
63.72,227184,216937
63.74,227262,216955
63.76,227337,216867
63.78,227309,216966
63.8,227459,217086
63.82,227535,216960
63.84,227548,217043
63.86,227629,217166
63.88,227722,217046
63.9,227750,217100
63.92,227849,217262
63.94,227934,217090
63.96,228119,217159
63.98,228030,217329
64,228076,217177
64.02,228091,217183
64.04,227853,217292
64.06,227727,217097
64.08,227728,217026
64.1,227449,217148
64.12,227452,216979
64.14,227444,216940
64.16,227370,217029
64.18,227267,216887
64.2,227295,216924
64.22,227294,216924
64.24,227319,216791
64.26,227373,216892
64.28,227430,216789
64.3,227449,216898
64.32,227477,216758
64.34,227487,216901
64.36,227510,216784
64.38,227550,216915
64.4,227570,216828
64.42,227581,216909
64.44,227608,216867
64.46,227661,216920
64.48,227712,216998
64.5,227867,216837
64.52,227823,217063
64.54,227859,216953
64.56,227935,217005
64.58,228001,216980
64.6,228035,216980
64.62,228090,217155
64.64,228088,216995
64.66,228204,217083
64.68,228192,217101
64.7,228303,217064
64.72,228388,217162
64.74,228432,217142
64.76,228456,217095
64.78,228570,217206
64.8,228642,217183
64.82,228650,217155
64.84,228766,217266
64.86,228856,217249
64.88,228912,217250
64.9,228952,217323
64.92,229032,217386
64.94,229085,217346
64.96,229018,217374
64.98,228922,217359
65,228785,217228
65.02,228679,217234
65.04,228599,217236
65.06,228584,217128
65.08,228440,217140
65.1,228462,217265
65.12,228453,217066
65.14,228383,217092
65.16,228403,217209
65.18,228449,217069
65.2,228502,217154
65.22,228558,217090
65.24,228589,217168
65.26,228634,217125
65.28,228641,217206
65.3,228683,217110
65.32,228705,217209
65.34,228736,217122
65.36,228751,217197
65.38,228826,217136
65.4,228869,217202
65.42,228900,217172
65.44,228911,217191
65.46,229049,217380
65.48,229137,217176
65.5,229128,217362
65.52,229198,217221
65.54,229228,217298
65.56,229267,217344
65.58,229376,217272
65.6,229348,217422
65.62,229443,217399
65.64,229597,217334
65.66,229500,217530
65.68,229602,217427
65.7,229744,217432
65.72,229723,217556
65.74,229788,217489
65.76,229924,217511
65.78,229864,217626
65.8,229971,217559
65.82,230052,217566
65.84,229928,217656
65.86,229740,217495
65.88,229714,217510
65.9,229596,217497
65.92,229552,217395
65.94,229628,217347
65.96,229449,217486
65.98,229464,217351
66,229553,217326
66.02,229448,217453
66.04,229545,217292
66.06,229584,217386
66.08,229652,217316
66.1,229689,217431
66.12,229717,217358
66.14,229685,217426
66.16,229744,217362
66.18,229768,217444
66.2,229804,217374
66.22,229826,217445
66.24,229845,217431
66.26,229832,217419
66.28,229941,217606
66.3,230053,217335
66.32,230011,217588
66.34,230036,217435
66.36,230061,217527
66.38,230127,217503
66.4,230156,217530
66.42,230247,217644
66.44,230290,217520
66.46,230366,217621
66.48,230365,217606
66.5,230470,217653
66.52,230492,217708
66.54,230536,217651
66.56,230653,217694
66.58,230663,217792
66.6,230618,217705
66.62,230613,217735
66.64,230535,217731
66.66,230368,217649
66.68,230368,217611
66.7,230288,217652
66.72,230269,217537
66.74,230268,217542
66.76,230225,217624
66.78,230178,217518
66.8,230290,217556
66.82,230299,217606
66.84,230394,217542
66.86,230442,217683
66.88,230491,217571
66.9,230476,217670
66.92,230495,217577
66.94,230505,217677
66.96,230544,217589
66.98,230546,217663
67,230546,217578
67.02,230626,217658
67.04,230676,217606
67.06,230674,217660
67.08,230701,217695
67.1,230892,217649
67.12,230813,217831
67.14,230856,217659
67.16,230858,217767
67.18,230961,217666
67.2,230939,217736
67.22,231022,217831
67.24,231006,217708
67.26,231108,217802
67.28,231189,217814
67.3,231155,217755
67.32,231258,217848
67.34,231281,217833
67.36,231318,217791
67.38,231314,217886
67.4,231214,217818
67.42,231078,217705
67.44,230937,217732
67.46,230864,217716
67.48,230848,217628
67.5,230787,217641
67.52,230780,217659
67.54,230777,217564
67.56,230700,217598
67.58,230737,217677
67.6,230781,217592
67.62,230839,217671
67.64,230909,217602
67.66,230917,217710
67.68,230966,217624
67.7,230951,217723
67.72,230982,217626
67.74,230986,217702
67.76,231014,217614
67.78,231040,217682
67.8,231078,217611
67.82,231132,217691
67.84,231141,217642
67.86,231177,217680
67.88,231177,217785
67.9,231369,217636
67.92,231314,217850
67.94,231353,217695
67.96,231400,217776
67.98,231367,217763
68,231529,217753
68.02,231506,217873
68.04,231564,217757
68.06,231729,217800
68.08,231627,217957
68.1,231708,217754
68.12,231682,217837
68.14,231776,217966
68.16,231829,217848
68.18,231752,217876
68.2,231727,217957
68.22,231550,217788
68.24,231489,217797
68.26,231328,217786
68.28,231326,217713
68.3,231307,217742
68.32,231233,217666
68.34,231257,217701
68.36,231240,217717
68.38,231205,217618
68.4,231346,217609
68.42,231308,217810
68.44,231443,217534
68.46,231415,217812
68.48,231541,217569
68.5,231455,217819
68.52,231557,217565
68.54,231491,217814
68.56,231610,217568
68.58,231540,217831
68.6,231617,217642
68.62,231588,217797
68.64,231600,217649
68.66,231655,217729
68.68,231710,217682
68.7,231740,217740
68.72,231762,217755
68.74,231805,217724
68.76,231871,217875
68.78,231892,217720
68.8,231938,217783
68.82,231985,217865
68.84,232016,217759
68.86,232084,217887
68.88,232093,217842
68.9,232110,217774
68.92,232201,217874
68.94,232262,217871
68.96,232244,217843
68.98,232311,217913
69,232344,217895
69.02,232204,217841
69.04,232136,217867
69.06,232044,217787
69.08,231958,217698
69.1,231856,217749
69.12,231847,217799
69.14,231832,217619
69.16,231742,217686
69.18,231781,217783
69.2,231780,217575
69.22,231712,217650
69.24,231745,217817
69.26,231836,217610
69.28,231861,217867
69.3,231885,217701
69.32,231905,217824
69.34,231954,217676
69.36,231955,217883
69.38,231961,217658
69.4,231983,217897
69.42,232151,217604
69.44,232089,217839
69.46,232095,217684
69.48,232157,217773
69.5,232209,217685
69.52,232237,217772
69.54,232255,217742
69.56,232228,217775
69.58,232354,217930
69.6,232400,217747
69.62,232418,217824
69.64,232447,217863
69.66,232490,217806
69.68,232559,217876
69.7,232484,217898
69.72,232603,217886
69.74,232635,217924
69.76,232705,217891
69.78,232688,217879
69.8,232808,217961
69.82,232775,217936
69.84,232866,217981
69.86,232871,218038
69.88,232734,217996
69.9,232671,217965
69.92,232531,217942
69.94,232425,217820
69.96,232449,217814
69.98,232325,217907
70,232307,217787
70.02,232403,217726
70.04,232261,217858
70.06,232241,217744
70.08,232377,217723
70.1,232328,217889
70.12,232453,217650
70.14,232412,217885
70.16,232523,217663
70.18,232449,217894
70.2,232524,217636
70.22,232470,217860
70.24,232530,217708
70.26,232507,217874
70.28,232552,217747
70.3,232535,217854
70.32,232617,217785
70.34,232644,217823
70.36,232660,217781
70.38,232644,217799
70.4,232735,217959
70.42,232839,217704
70.44,232786,217949
70.46,232834,217805
70.48,232869,217880
70.5,232837,217888
70.52,232981,217873
70.54,232930,217974
70.56,233023,217851
70.58,233010,217908
70.6,233090,218069
70.62,233159,217880
70.64,233133,217954
70.66,233221,218059
70.68,233197,217920
70.7,233279,218027
70.72,233291,217977
70.74,233216,217926
70.76,233079,217982
70.78,232981,217895
70.8,232839,217816
70.82,232798,217866
70.84,232789,217824
70.86,232710,217746
70.88,232713,217823
70.9,232718,217792
70.92,232694,217742
70.94,232712,217796
70.96,232715,217843
70.98,232807,217808
71,232851,217848
71.02,232886,217843
71.04,232880,217894
71.06,232903,217850
71.08,232910,217884
71.1,232927,217823
71.12,232961,217934
71.14,232945,217815
71.16,233038,217977
71.18,233080,217816
71.2,233073,217925
71.22,233070,217859
71.24,233161,217910
71.26,233188,217849
71.28,233227,217908
71.3,233240,217959
71.32,233219,217899
71.34,233345,217966
71.36,233314,217931
71.38,233418,217913
71.4,233413,218028
71.42,233449,217982
71.44,233539,218007
71.46,233551,218094
71.48,233571,218025
71.5,233680,218029
71.52,233628,218167
71.54,233609,218024
71.56,233585,218068
71.58,233441,218061
71.6,233271,217953
71.62,233240,217904
71.64,233139,217960
71.66,233048,217852
71.68,233074,217862
71.7,233027,217904
71.72,232910,217797
71.74,232954,217839
71.76,232959,217818
71.78,233016,217707
71.8,233054,217803
71.82,233115,217736
71.84,233117,217838
71.86,233147,217748
71.88,233140,217836
71.9,233150,217751
71.92,233152,217822
71.94,233157,217790
71.96,233169,217817
71.98,233129,217890
72,233320,217744
72.02,233254,217959
72.04,233281,217792
72.06,233253,217896
72.08,233364,217810
72.1,233365,217868
72.12,233389,217933
72.14,233463,217821
72.16,233458,217960
72.18,233483,217904
72.2,233637,217882
72.22,233552,218045
72.24,233604,217884
72.26,233775,217908
72.28,233670,218085
72.3,233737,217927
72.32,233860,217962
72.34,233678,218123
72.36,233609,217970
72.38,233485,217907
72.4,233303,217963
72.42,233096,217804
72.44,233068,217802
72.46,232922,217790
72.48,232914,217740
72.5,232927,217630
72.52,232781,217752
72.54,232711,217611
72.56,232782,217641
72.58,232776,217692
72.6,232758,217636
72.62,232880,217657
72.64,232874,217738
72.66,232833,217669
72.68,232934,217691
72.7,232900,217752
72.72,232840,217670
72.74,232911,217688
72.76,232927,217755
72.78,232951,217712
72.8,232931,217655
72.82,233001,217761
72.84,233049,217740
72.86,233036,217725
72.88,233096,217803
72.9,233164,217755
72.92,233212,217738
72.94,233206,217816
72.96,233246,217882
72.98,233311,217828
73,233292,217856
73.02,233346,217938
73.04,233396,217834
73.06,233370,217895
73.08,233441,217963
73.1,233499,217852
73.12,233657,217926
73.14,233556,218070
73.16,233578,217960
73.18,233699,217950
73.2,233500,218099
73.22,233338,217894
73.24,233236,217790
73.26,232882,217906
73.28,232787,217732
73.3,232721,217628
73.32,232562,217731
73.34,232415,217578
73.36,232373,217579
73.38,232307,217565
73.4,232232,217499
73.42,232331,217508
73.44,232315,217611
73.46,232312,217542
73.48,232362,217562
73.5,232386,217613
73.52,232416,217499
73.54,232368,217484
73.56,232422,217572
73.58,232401,217545
73.6,232412,217492
73.62,232422,217584
73.64,232491,217564
73.66,232455,217516
73.68,232524,217605
73.7,232579,217602
73.72,232594,217539
73.74,232626,217621
73.76,232656,217674
73.78,232718,217615
73.8,232728,217676
73.82,232770,217724
73.84,232831,217628
73.86,232791,217685
73.88,232875,217780
73.9,232944,217644
73.92,232929,217727
73.94,232975,217888
73.96,233039,217713
73.98,233005,217758
74,233087,217906
74.02,233171,217745
74.04,233320,217804
74.06,233198,217982
74.08,233263,217883
74.1,233431,217842
74.12,233266,218026
74.14,233155,217858
74.16,233075,217785
74.18,232682,217840
74.2,232534,217675
74.22,232438,217542
74.24,232224,217651
74.26,232089,217468
74.28,232025,217457
74.3,231916,217492
74.32,231790,217408
74.34,231846,217374
74.36,231802,217427
74.38,231825,217323
74.4,231868,217438
74.42,231938,217366
74.44,231921,217469
74.46,231934,217394
74.48,231958,217457
74.5,231955,217351
74.52,231935,217483
74.54,231919,217369
74.56,231905,217440
74.58,232014,217389
74.6,232010,217445
74.62,232047,217441
74.64,232042,217422
74.66,232093,217618
74.68,232204,217379
74.7,232170,217564
74.72,232239,217440
74.74,232262,217517
74.76,232283,217567
74.78,232355,217478
74.8,232383,217612
74.82,232390,217576
74.84,232508,217530
74.86,232423,217702
74.88,232525,217620
74.9,232644,217579
74.92,232526,217753
74.94,232635,217659
74.96,232745,217656
74.98,232722,217800
75,232719,217684
75.02,232839,217750
75.04,232858,217794
75.06,232914,217757
75.08,233030,217760
75.1,232961,217901
75.12,232978,217757
75.14,232885,217768
75.16,232637,217818
75.18,232312,217641
75.2,232163,217564
75.22,231961,217541
75.24,231809,217421
75.26,231743,217383
75.28,231580,217426
75.3,231474,217274
75.32,231456,217275
75.34,231391,217333
75.36,231428,217169
75.38,231446,217272
75.4,231484,217181
75.42,231501,217293
75.44,231526,217213
75.46,231492,217306
75.48,231509,217149
75.5,231490,217307
75.52,231512,217153
75.54,231499,217276
75.56,231462,217284
75.58,231531,217245
75.6,231551,217415
75.62,231575,217254
75.64,231592,217374
75.66,231635,217288
75.68,231679,217359
75.7,231698,217354
75.72,231856,217332
75.74,231778,217509
75.76,231825,217363
75.78,231845,217408
75.8,231836,217451
75.82,231909,217413
75.84,231917,217493
75.86,231970,217470
75.88,232070,217459
75.9,232062,217590
75.92,232051,217525
75.94,232143,217574
75.96,232190,217610
75.98,232193,217581
76,232331,217602
76.02,232333,217704
76.04,232305,217613
76.06,232304,217650
76.08,232121,217641
76.1,231842,217522
76.12,231662,217425
76.14,231390,217426
76.16,231134,217268
76.18,231064,217232
76.2,230885,217229
76.22,230790,217136
76.24,230788,217091
76.26,230640,217163
76.28,230590,217048
76.3,230696,217079
76.32,230709,217160
76.34,230666,217101
76.36,230721,217143
76.38,230692,217195
76.4,230714,217103
76.42,230735,217136
76.44,230708,217227
76.46,230633,217142
76.48,230701,217140
76.5,230754,217221
76.52,230700,217158
76.54,230810,217198
76.56,230835,217264
76.58,230791,217205
76.6,230891,217222
76.62,230944,217288
76.64,230987,217287
76.66,230977,217229
76.68,231042,217336
76.7,231112,217350
76.72,231131,217322
76.74,231183,217406
76.76,231248,217414
76.78,231201,217392
76.8,231284,217461
76.82,231334,217455
76.84,231399,217393
76.86,231383,217501
76.88,231471,217581
76.9,231546,217476
76.92,231579,217577
76.94,231632,217620
76.96,231677,217573
76.98,231633,217634
77,231512,217664
77.02,231276,217454
77.04,230928,217426
77.06,230631,217492
77.08,230404,217154
77.1,230113,217154
77.12,229970,217231
77.14,229833,216972
77.16,229676,216985
77.18,229501,217103
77.2,229444,216922
77.22,229482,216879
77.24,229357,217048
77.26,229409,216979
77.28,229515,216926
77.3,229360,217077
77.32,229400,216979
77.34,229444,216951
77.36,229377,217071
77.38,229313,216924
77.4,229371,216975
77.42,229374,217027
77.44,229318,216953
77.46,229439,217021
77.48,229463,217091
77.5,229447,217041
77.52,229561,217087
77.54,229575,217157
77.56,229535,217120
77.58,229637,217122
77.6,229683,217193
77.62,229755,217169
77.64,229766,217114
77.66,229838,217231
77.68,229874,217223
77.7,229918,217240
77.72,229973,217313
77.74,230044,217308
77.76,230039,217265
77.78,230126,217344
77.8,230191,217383
77.82,230166,217349
77.84,230272,217432
77.86,230350,217468
77.88,230353,217399
77.9,230462,217504
77.92,230530,217488
77.94,230579,217449
77.96,230490,217524
77.98,230294,217566
78,230007,217333
78.02,229646,217254
78.04,229329,217206
78.06,229093,216993
78.08,228789,216989
78.1,228628,217026
78.12,228460,216830
78.14,228285,216797
78.16,228128,216879
78.18,228036,216697
78.2,228109,216672
78.22,228005,216836
78.24,228032,216714
78.26,228151,216701
78.28,227983,216855
78.3,228026,216770
78.32,228058,216745
78.34,228017,216844
78.36,227967,216748
78.38,228069,216753
78.4,228025,216862
78.42,228060,216782
78.44,228168,216794
78.46,228154,216941
78.48,228165,216842
78.5,228265,216913
78.52,228281,216952
78.54,228334,216921
78.56,228483,216962
78.58,228442,217081
78.6,228498,216976
78.62,228613,217037
78.64,228659,217132
78.66,228621,217031
78.68,228755,217087
78.7,228814,217138
78.72,228880,217084
78.74,228910,217084
78.76,229002,217197
78.78,229063,217168
78.8,229066,217145
78.82,229187,217250
78.84,229272,217234
78.86,229317,217198
78.88,229392,217314
78.9,229461,217361
78.92,229546,217304
78.94,229547,217375
78.96,229489,217368
78.98,229228,217262
79,228879,217198
79.02,228538,217104
79.04,228263,216876
79.06,227904,216838
79.08,227740,216878
79.1,227556,216637
79.12,227309,216639
79.14,227189,216721
79.16,227076,216496
79.18,226974,216491
79.2,227014,216674
79.22,227163,216428
79.24,227072,216742
79.26,227212,216469
79.28,227100,216743
79.3,227195,216470
79.32,227097,216740
79.34,227190,216487
79.36,227095,216742
79.38,227126,216594
79.4,227145,216687
79.42,227223,216659
79.44,227244,216704
79.46,227306,216675
79.48,227331,216706
79.5,227383,216871
79.52,227506,216734
79.54,227539,216854
79.56,227607,216789
79.58,227656,216839
79.6,227738,216991
79.62,227754,216860
79.64,227856,216928
79.66,227937,216917
79.68,227933,216919
79.7,228027,216986
79.72,228115,216979
79.74,228104,216934
79.76,228205,217037
79.78,228299,217037
79.8,228357,217002
79.82,228412,217111
79.84,228498,217179
79.86,228605,217119
79.88,228603,217168
79.9,228645,217291
79.92,228543,217128
79.94,228209,217075
79.96,227880,217039
79.98,227574,216758
80,227236,216748
80.02,227039,216795
80.04,226871,216579
80.06,226642,216543
80.08,226525,216620
80.1,226473,216372
80.12,226401,216431
80.14,226447,216466
80.16,226492,216421
80.18,226524,216506
80.2,226556,216529
80.22,226585,216475
80.24,226590,216552
80.26,226583,216558
80.28,226548,216485
80.3,226621,216582
80.32,226617,216571
80.34,226689,216571
80.36,226754,216624
80.38,226795,216642
80.4,226796,216592
80.42,226903,216691
80.44,227008,216691
80.46,227019,216702
80.48,227114,216758
80.5,227193,216767
80.52,227259,216760
80.54,227271,216807
80.56,227388,216910
80.58,227440,216817
80.6,227508,216882
80.62,227559,216972
80.64,227656,216894
80.66,227728,216972
80.68,227721,216974
80.7,227856,217009
80.72,227939,217053
80.74,227976,217042
80.76,228091,217090
80.78,227952,217142
80.8,227743,216975
80.82,227519,216884
80.84,227015,216903
80.86,226743,216647
80.88,226585,216563
80.9,226190,216630
80.92,226056,216360
80.94,225810,216343
80.96,225700,216437
80.98,225614,216204
81,225520,216238
81.02,225579,216338
81.04,225677,216200
81.06,225652,216285
81.08,225721,216448
81.1,225776,216299
81.12,225897,216326
81.14,225772,216490
81.16,225807,216360
81.18,225941,216357
81.2,225831,216521
81.22,225922,216413
81.24,226058,216406
81.26,226075,216555
81.28,226105,216493
81.3,226249,216512
81.32,226234,216633
81.34,226349,216556
81.36,226481,216599
81.38,226532,216719
81.4,226535,216633
81.42,226677,216675
81.44,226743,216773
81.46,226747,216721
81.48,226889,216770
81.5,226945,216856
81.52,226973,216758
81.54,227123,216816
81.56,227165,216889
81.58,227164,216853
81.6,227328,216884
81.62,227409,216988
81.64,227437,216935
81.66,227549,216947
81.68,227566,217048
81.7,227335,216944
81.72,227111,216888
81.74,226731,216773
81.76,226362,216594
81.78,225938,216458
81.8,225682,216421
81.82,225450,216293
81.84,225201,216177
81.86,224981,216173
81.88,224804,216108
81.9,224696,215985
81.92,224617,216031
81.94,224662,215980
81.96,224688,216058
81.98,224769,216024
82,224827,216125
82.02,224848,216091
82.04,224862,216170
82.06,224898,216121
82.08,224913,216188
82.1,224955,216105
82.12,224999,216216
82.14,225031,216221
82.16,225244,216239
82.18,225209,216400
82.2,225272,216246
82.22,225322,216388
82.24,225463,216343
82.26,225550,216417
82.28,225592,216407
82.3,225786,216408
82.32,225739,216597
82.34,225851,216446
82.36,225859,216498
82.38,225980,216655
82.4,226042,216534
82.42,226145,216629
82.44,226213,216634
82.46,226266,216595
82.48,226359,216699
82.5,226460,216695
82.52,226522,216663
82.54,226597,216776
82.56,226700,216821
82.58,226714,216791
82.6,226864,216854
82.62,226850,216890
82.64,226844,216887
82.66,226645,216879
82.68,226231,216713
82.7,225894,216610
82.72,225536,216520
82.74,225186,216336
82.76,224982,216272
82.78,224694,216282
82.8,224466,216101
82.82,224351,215979
82.84,224102,216089
82.86,224027,215940
82.88,224021,215952
82.9,224085,215998
82.92,224164,216009
82.94,224216,216088
82.96,224281,216063
82.98,224299,216156
83,224301,216083
83.02,224337,216232
83.04,224376,216120
83.06,224493,216306
83.08,224612,216082
83.1,224605,216295
83.12,224688,216184
83.14,224685,216281
83.16,224869,216221
83.18,224918,216299
83.2,224931,216389
83.22,225202,216273
83.24,225161,216497
83.26,225276,216358
83.28,225334,216448
83.3,225415,216517
83.32,225477,216453
83.34,225583,216577
83.36,225603,216529
83.38,225768,216600
83.4,225834,216666
83.42,225852,216622
83.44,225960,216603
83.46,226028,216710
83.48,226144,216700
83.5,226144,216700
83.52,226290,216788
83.54,226409,216787
83.56,226411,216802
83.58,226546,216886
83.6,226621,216893
83.62,226556,216859
83.64,226314,216849
83.66,225986,216807
83.68,225635,216551
83.7,225230,216496
83.72,224971,216493
83.74,224761,216230
83.76,224500,216219
83.78,224333,216282
83.8,224154,216080
83.82,224163,216048
83.84,223934,216178
83.86,224029,216091
83.88,224225,216044
83.9,224143,216248
83.92,224236,216182
83.94,224310,216119
83.96,224253,216266
83.98,224242,216218
84,224350,216231
84.02,224340,216272
84.04,224408,216175
84.06,224539,216235
84.08,224478,216376
84.1,224598,216337
84.12,224750,216301
84.14,224749,216460
84.16,224746,216409
84.18,224907,216435
84.2,224988,216512
84.22,225055,216467
84.24,225176,216488
84.26,225177,216601
84.28,225276,216537
84.3,225423,216560
84.32,225448,216695
84.34,225435,216633
84.36,225566,216668
84.38,225633,216710
84.4,225706,216643
84.42,225797,216675
84.44,225888,216768
84.46,225917,216750
84.48,226010,216725
84.5,226111,216858
84.52,226228,216850
84.54,226259,216821
84.56,226269,216903
84.58,226161,216860
84.6,225897,216772
84.62,225500,216700
84.64,225153,216597
84.66,224833,216401
84.68,224505,216353
84.7,224285,216347
84.72,224079,216128
84.74,223883,216110
84.76,223704,216209
84.78,223608,216006
84.8,223559,216030
84.82,223620,215949
84.84,223694,216100
84.86,223765,216099
84.88,223805,216149
84.9,223829,216156
84.92,223854,216196
84.94,223877,216185
84.96,223923,216225
84.98,223955,216210
85,224005,216216
85.02,224114,216401
85.04,224222,216238
85.06,224235,216422
85.08,224316,216315
85.1,224435,216390
85.12,224481,216398
85.14,224522,216414
85.16,224635,216579
85.18,224740,216380
85.2,224805,216537
85.22,224810,216565
85.24,225010,216532
85.26,224991,216706
85.28,225092,216630
85.3,225246,216641
85.32,225296,216767
85.34,225316,216675
85.36,225464,216772
85.38,225539,216830
85.4,225600,216772
85.42,225739,216842
85.44,225737,216961
85.46,225823,216861
85.48,225959,216919
85.5,226021,217020
85.52,226041,216929
85.54,226155,216992
85.56,226258,217074
85.58,226255,217001
85.6,226391,217051
85.62,226409,217153
85.64,226313,217033
85.66,226086,217045
85.68,225670,216960
85.7,225267,216751
85.72,224956,216601
85.74,224499,216622
85.76,224240,216425
85.78,224078,216281
85.8,223681,216368
85.82,223514,216188
85.84,223398,216138
85.86,223242,216170
85.88,223239,215939
85.9,223292,216093
85.92,223360,216011
85.94,223388,216165
85.96,223439,216091
85.98,223453,216187
86,223478,216137
86.02,223495,216223
86.04,223554,216200
86.06,223568,216219
86.08,223677,216384
86.1,223786,216186
86.12,223788,216416
86.14,223826,216268
86.16,223993,216385
86.18,224054,216354
86.2,224093,216404
86.22,224224,216540
86.24,224254,216391
86.26,224361,216560
86.28,224433,216495
86.3,224593,216519
86.32,224580,216675
86.34,224679,216601
86.36,224860,216591
86.38,224803,216799
86.4,224906,216673
86.42,225120,216676
86.44,225032,216879
86.46,225185,216763
86.48,225314,216824
86.5,225370,216912
86.52,225382,216861
86.54,225534,216920
86.56,225618,216990
86.58,225654,216927
86.6,225836,216992
86.62,225843,217084
86.64,225865,216993
86.66,225985,217083
86.68,226084,217111
86.7,226164,217149
86.72,226214,217084
86.74,226245,217190
86.76,226158,217148
86.78,225776,217016
86.8,225448,216970
86.82,225048,216817
86.84,224676,216620
86.86,224361,216575
86.88,224065,216539
86.9,223831,216336
86.92,223512,216310
86.94,223364,216362
86.96,223211,216103
86.98,223118,216179
87,223137,216122
87.02,223172,216202
87.04,223258,216106
87.06,223320,216247
87.08,223366,216160
87.1,223377,216270
87.12,223415,216240
87.14,223459,216313
87.16,223487,216241
87.18,223539,216346
87.2,223581,216341
87.22,223681,216355
87.24,223751,216539
87.26,223868,216389
87.28,223888,216520
87.3,223945,216446
87.32,224060,216527
87.34,224090,216511
87.36,224289,216516
87.38,224294,216711
87.4,224407,216547
87.42,224424,216618
87.44,224539,216763
87.46,224655,216599
87.48,224685,216704
87.5,224782,216877
87.52,224903,216741
87.54,224964,216774
87.56,225052,216967
87.58,225158,216820
87.6,225363,216866
87.62,225303,217039
87.64,225394,216940
87.66,225570,216945
87.68,225522,217138
87.7,225643,217017
87.72,225786,217035
87.74,225730,217187
87.76,225857,217122
87.78,226027,217146
87.8,226060,217261
87.82,226053,217200
87.84,226116,217217
87.86,225944,217224
87.88,225638,217098
87.9,225197,216904
87.92,224851,216864
87.94,224464,216727
87.96,224206,216575
87.98,223926,216540
88,223689,216418
88.02,223426,216304
88.04,223274,216335
88.06,223161,216263
88.08,223188,216117
88.1,223101,216422
88.12,223324,216174
88.14,223299,216466
88.16,223451,216234
88.18,223388,216503
88.2,223496,216271
88.22,223448,216511
88.24,223562,216269
88.26,223520,216531
88.28,223567,216390
88.3,223631,216493
88.32,223698,216431
88.34,223800,216502
88.36,223857,216452
88.38,223941,216535
88.4,223971,216639
88.42,224182,216536
88.44,224159,216720
88.46,224305,216638
88.48,224392,216656
88.5,224446,216827
88.52,224527,216670
88.54,224554,216739
88.56,224694,216872
88.58,224797,216676
88.6,224851,216795
88.62,224917,216981
88.64,225034,216901
88.66,225234,216890
88.68,225161,217086
88.7,225289,217000
88.72,225494,216986
88.74,225444,217182
88.76,225563,217088
88.78,225714,217062
88.8,225723,217234
88.82,225759,217196
88.84,225915,217188
88.86,225971,217308
88.88,226017,217260
88.9,226157,217286
88.92,226190,217405
88.94,226191,217352
88.96,226167,217341
88.98,225933,217313
89,225561,217137
89.02,225094,216952
89.04,224799,216905
89.06,224487,216751
89.08,224160,216625
89.1,223944,216600
89.12,223743,216540
89.14,223561,216424
89.16,223339,216393
89.18,223284,216469
89.2,223319,216290
89.22,223345,216357
89.24,223449,216547
89.26,223522,216390
89.28,223648,216442
89.3,223555,216595
89.32,223593,216399
89.34,223729,216465
89.36,223619,216627
89.38,223692,216506
89.4,223873,216511
89.42,223755,216690
89.44,223888,216564
89.46,224065,216561
89.48,224043,216735
89.5,224128,216666
89.52,224265,216705
89.54,224315,216796
89.56,224289,216747
89.58,224431,216760
89.6,224515,216826
89.62,224547,216778
89.64,224672,216820
89.66,224784,216890
89.68,224818,216849
89.7,224898,216868
89.72,224984,216944
89.74,225105,216924
89.76,225155,216953
89.78,225244,217035
89.8,225354,217006
89.82,225460,217027
89.84,225528,217106
89.86,225600,217189
89.88,225708,217093
89.9,225695,217186
89.92,225824,217320
89.94,225921,217166
89.96,226106,217250
89.98,226062,217426
90,226154,217332
